-- MySQL dump 10.13  Distrib 8.0.12, for Win64 (x86_64)
--
-- Host: localhost    Database: selit_database
-- ------------------------------------------------------
-- Server version	8.0.12

/*!40101 SET @OLD_CHARACTER_SET_CLIENT=@@CHARACTER_SET_CLIENT */;
/*!40101 SET @OLD_CHARACTER_SET_RESULTS=@@CHARACTER_SET_RESULTS */;
/*!40101 SET @OLD_COLLATION_CONNECTION=@@COLLATION_CONNECTION */;
 SET NAMES utf8 ;
/*!40103 SET @OLD_TIME_ZONE=@@TIME_ZONE */;
/*!40103 SET TIME_ZONE='+00:00' */;
/*!40014 SET @OLD_UNIQUE_CHECKS=@@UNIQUE_CHECKS, UNIQUE_CHECKS=0 */;
/*!40014 SET @OLD_FOREIGN_KEY_CHECKS=@@FOREIGN_KEY_CHECKS, FOREIGN_KEY_CHECKS=0 */;
/*!40101 SET @OLD_SQL_MODE=@@SQL_MODE, SQL_MODE='NO_AUTO_VALUE_ON_ZERO' */;
/*!40111 SET @OLD_SQL_NOTES=@@SQL_NOTES, SQL_NOTES=0 */;

--
-- Table structure for table `author`
--

DROP TABLE IF EXISTS `author`;
/*!40101 SET @saved_cs_client     = @@character_set_client */;
 SET character_set_client = utf8mb4 ;
CREATE TABLE `author` (
  `Author_Number` int(11) NOT NULL AUTO_INCREMENT,
  `Author_Name` varchar(40) COLLATE utf8_bin DEFAULT NULL,
  PRIMARY KEY (`Author_Number`),
  UNIQUE KEY `Author_Name_UNIQUE` (`Author_Name`)
) ENGINE=InnoDB AUTO_INCREMENT=17 DEFAULT CHARSET=utf8 COLLATE=utf8_bin;
/*!40101 SET character_set_client = @saved_cs_client */;

--
-- Dumping data for table `author`
--

LOCK TABLES `author` WRITE;
/*!40000 ALTER TABLE `author` DISABLE KEYS */;
INSERT INTO `author` VALUES (12,'A. S. Tanenbaum'),(11,'Andrew S. Tanenbaum'),(2,'Andrew S. Tanenbuam'),(13,'Barbara Doyle'),(10,'Barry Render'),(9,'C. Coronel'),(8,'Carlos Coronel'),(1,'George F Luger'),(14,'Harvey Deitel'),(7,'Susanna S. Epp'),(16,'Test'),(4,'W. McAllister'),(3,'William McAllister '),(15,'Y. Ber');
/*!40000 ALTER TABLE `author` ENABLE KEYS */;
UNLOCK TABLES;

--
-- Temporary view structure for view `author_detail`
--

DROP TABLE IF EXISTS `author_detail`;
/*!50001 DROP VIEW IF EXISTS `author_detail`*/;
SET @saved_cs_client     = @@character_set_client;
SET character_set_client = utf8mb4;
/*!50001 CREATE VIEW `author_detail` AS SELECT 
 1 AS `BOOK_Book_Number`,
 1 AS `Author_Name`*/;
SET character_set_client = @saved_cs_client;

--
-- Table structure for table `book`
--

DROP TABLE IF EXISTS `book`;
/*!40101 SET @saved_cs_client     = @@character_set_client */;
 SET character_set_client = utf8mb4 ;
CREATE TABLE `book` (
  `Book_Number` int(11) NOT NULL AUTO_INCREMENT,
  `Book_Name` varchar(60) COLLATE utf8_bin NOT NULL,
  `Book_Edition` varchar(40) COLLATE utf8_bin DEFAULT NULL,
  `Book_ISBN_10_Number` varchar(10) COLLATE utf8_bin DEFAULT NULL,
  `Book_ISBN_13_Number` varchar(13) COLLATE utf8_bin DEFAULT NULL,
  `Book_Price` decimal(7,2) DEFAULT NULL,
  `Book_Type` varchar(15) COLLATE utf8_bin DEFAULT NULL,
  `Date_Placed` datetime DEFAULT CURRENT_TIMESTAMP,
  `STUDENT_Student_Number` int(11) NOT NULL,
  PRIMARY KEY (`Book_Number`),
  KEY `fk_BOOK_STUDENT1_idx` (`STUDENT_Student_Number`),
  CONSTRAINT `fk_BOOK_STUDENT1` FOREIGN KEY (`STUDENT_Student_Number`) REFERENCES `student` (`student_number`)
) ENGINE=InnoDB AUTO_INCREMENT=35 DEFAULT CHARSET=utf8 COLLATE=utf8_bin;
/*!40101 SET character_set_client = @saved_cs_client */;

--
-- Dumping data for table `book`
--

LOCK TABLES `book` WRITE;
/*!40000 ALTER TABLE `book` DISABLE KEYS */;
INSERT INTO `book` VALUES (1,'Artificial Intelligence','Sixth edition','0321545893','978032154893',1499.99,'Advertisement','2018-10-22 16:33:08',27236285),(2,'Computer Networks','Fifth edition','1292018193','9781292024226',350.00,'Advertisement','2018-10-22 16:34:19',27625400),(3,'Data structures and algorithms using Java','N/A','N/A','9780763757564',550.00,'Request','2018-10-22 18:02:49',21091137),(4,'Data Structures and Algorithms using java','Dont know','0','9780763757564',399.90,'Advertisement','2018-10-22 18:02:49',27479943),(9,'Discrete mathematics with applications ','4th edition','0495826162','9780495826163',350.00,'Advertisement','2018-10-22 18:12:20',21091137),(10,'Discrete Mathematics with Applications','4th (international) ','0495826162','9780495826163',500.00,'Request','2018-10-22 18:12:21',27479943),(12,'Database Systems','12 Edition','1305627482','9781305627482',680.00,'Request','2018-10-22 18:15:35',21091137),(13,'Database systems','12th Edition','1305627482','9781305627482',355.00,'Advertisement','2018-10-22 18:16:06',27479943),(14,'Quantitative Analysis for Management','Twelfth Edition','129205932X','9781292059327',300.00,'Request','2018-10-22 18:18:34',21091137),(15,'Quantitative Analysis for Managenent','12th(global)','129205932X','9781292059327',680.50,'Request','2018-10-22 18:18:35',27479943),(16,'Computer Networks','Fith Edition','N/A','9781292024226',920.00,'Advertisement','2018-10-22 18:20:25',21091137),(17,'Computer Networks','5th(International)','0','9781292024226',1100.00,'Request','2018-10-22 18:20:53',27479943),(20,'Java How to program','Tenth Edition','1292018194','9781292018195',300.00,'Request','2018-10-22 20:45:14',27625400),(32,'C# Programming','Sixth edition','1285856872','9781285856872',899.99,'Request','2018-10-23 08:59:22',27236285);
/*!40000 ALTER TABLE `book` ENABLE KEYS */;
UNLOCK TABLES;

--
-- Table structure for table `book_author`
--

DROP TABLE IF EXISTS `book_author`;
/*!40101 SET @saved_cs_client     = @@character_set_client */;
 SET character_set_client = utf8mb4 ;
CREATE TABLE `book_author` (
  `BOOK_Book_Number` int(11) NOT NULL,
  `AUTHOR_Author_Number` int(11) NOT NULL,
  PRIMARY KEY (`AUTHOR_Author_Number`,`BOOK_Book_Number`),
  KEY `fk_AUTHOR_has_BOOK_BOOK1_idx` (`BOOK_Book_Number`),
  KEY `fk_AUTHOR_has_BOOK_AUTHOR1_idx` (`AUTHOR_Author_Number`),
  CONSTRAINT `fk_AUTHOR_has_BOOK_AUTHOR1` FOREIGN KEY (`AUTHOR_Author_Number`) REFERENCES `author` (`author_number`),
  CONSTRAINT `fk_AUTHOR_has_BOOK_BOOK1` FOREIGN KEY (`BOOK_Book_Number`) REFERENCES `book` (`book_number`)
) ENGINE=InnoDB DEFAULT CHARSET=utf8 COLLATE=utf8_bin;
/*!40101 SET character_set_client = @saved_cs_client */;

--
-- Dumping data for table `book_author`
--

LOCK TABLES `book_author` WRITE;
/*!40000 ALTER TABLE `book_author` DISABLE KEYS */;
INSERT INTO `book_author` VALUES (1,1),(2,2),(3,3),(4,4),(9,7),(10,7),(12,8),(13,9),(14,10),(15,10),(16,11),(17,12),(20,14),(32,13);
/*!40000 ALTER TABLE `book_author` ENABLE KEYS */;
UNLOCK TABLES;

--
-- Temporary view structure for view `book_detail`
--

DROP TABLE IF EXISTS `book_detail`;
/*!50001 DROP VIEW IF EXISTS `book_detail`*/;
SET @saved_cs_client     = @@character_set_client;
SET character_set_client = utf8mb4;
/*!50001 CREATE VIEW `book_detail` AS SELECT 
 1 AS `Book_Number`,
 1 AS `Book_Name`,
 1 AS `Book_Edition`,
 1 AS `Author_Name`,
 1 AS `Subject_Code`,
 1 AS `Book_Price`,
 1 AS `Book_ISBN_10_Number`,
 1 AS `Book_ISBN_13_Number`,
 1 AS `Book_Type`,
 1 AS `Date_Placed`,
 1 AS `Student_Number`,
 1 AS `First_Name`,
 1 AS `Contact_Number`,
 1 AS `Email_Address`*/;
SET character_set_client = @saved_cs_client;

--
-- Table structure for table `book_subject`
--

DROP TABLE IF EXISTS `book_subject`;
/*!40101 SET @saved_cs_client     = @@character_set_client */;
 SET character_set_client = utf8mb4 ;
CREATE TABLE `book_subject` (
  `BOOK_Book_Number` int(11) NOT NULL,
  `SUBJECT_Subject_Number` int(11) NOT NULL,
  PRIMARY KEY (`BOOK_Book_Number`,`SUBJECT_Subject_Number`),
  KEY `fk_BOOK_has_SUBJECT_SUBJECT1_idx` (`SUBJECT_Subject_Number`),
  KEY `fk_BOOK_has_SUBJECT_BOOK1_idx` (`BOOK_Book_Number`),
  CONSTRAINT `fk_BOOK_has_SUBJECT_BOOK1` FOREIGN KEY (`BOOK_Book_Number`) REFERENCES `book` (`book_number`),
  CONSTRAINT `fk_BOOK_has_SUBJECT_SUBJECT1` FOREIGN KEY (`SUBJECT_Subject_Number`) REFERENCES `subject` (`subject_number`)
) ENGINE=InnoDB DEFAULT CHARSET=utf8 COLLATE=utf8_bin;
/*!40101 SET character_set_client = @saved_cs_client */;

--
-- Dumping data for table `book_subject`
--

LOCK TABLES `book_subject` WRITE;
/*!40000 ALTER TABLE `book_subject` DISABLE KEYS */;
INSERT INTO `book_subject` VALUES (20,1215),(32,1218),(3,1221),(4,1221),(1,1225),(2,1226),(16,1226),(17,1226),(12,1227),(13,1227),(14,1228),(15,1228),(9,2237),(10,2237);
/*!40000 ALTER TABLE `book_subject` ENABLE KEYS */;
UNLOCK TABLES;

--
-- Table structure for table `faculty`
--

DROP TABLE IF EXISTS `faculty`;
/*!40101 SET @saved_cs_client     = @@character_set_client */;
 SET character_set_client = utf8mb4 ;
CREATE TABLE `faculty` (
  `Faculty_Number` int(11) NOT NULL AUTO_INCREMENT,
  `Faculty_Name` varchar(40) COLLATE utf8_bin DEFAULT NULL,
  PRIMARY KEY (`Faculty_Number`),
  UNIQUE KEY `Faculty_Name_UNIQUE` (`Faculty_Name`)
) ENGINE=InnoDB AUTO_INCREMENT=9 DEFAULT CHARSET=utf8 COLLATE=utf8_bin;
/*!40101 SET character_set_client = @saved_cs_client */;

--
-- Dumping data for table `faculty`
--

LOCK TABLES `faculty` WRITE;
/*!40000 ALTER TABLE `faculty` DISABLE KEYS */;
INSERT INTO `faculty` VALUES (1,'Economic and Management Sciences'),(2,'Education'),(3,'Engineering'),(4,'Health Sciences'),(5,'Humanities'),(6,'Law'),(7,'Natural and Agricultural Sciences'),(8,'Theology');
/*!40000 ALTER TABLE `faculty` ENABLE KEYS */;
UNLOCK TABLES;

--
-- Temporary view structure for view `faculty_detail`
--

DROP TABLE IF EXISTS `faculty_detail`;
/*!50001 DROP VIEW IF EXISTS `faculty_detail`*/;
SET @saved_cs_client     = @@character_set_client;
SET character_set_client = utf8mb4;
/*!50001 CREATE VIEW `faculty_detail` AS SELECT 
 1 AS `Faculty Number`,
 1 AS `Subject Code`*/;
SET character_set_client = @saved_cs_client;

--
-- Table structure for table `hostel`
--

DROP TABLE IF EXISTS `hostel`;
/*!40101 SET @saved_cs_client     = @@character_set_client */;
 SET character_set_client = utf8mb4 ;
CREATE TABLE `hostel` (
  `Hostel_Number` int(11) NOT NULL AUTO_INCREMENT,
  `Hostel_Name` varchar(20) COLLATE utf8_bin DEFAULT NULL,
  PRIMARY KEY (`Hostel_Number`),
  UNIQUE KEY `Hostel_Name_UNIQUE` (`Hostel_Name`)
) ENGINE=InnoDB AUTO_INCREMENT=24 DEFAULT CHARSET=utf8 COLLATE=utf8_bin;
/*!40101 SET character_set_client = @saved_cs_client */;

--
-- Dumping data for table `hostel`
--

LOCK TABLES `hostel` WRITE;
/*!40000 ALTER TABLE `hostel` DISABLE KEYS */;
INSERT INTO `hostel` VALUES (2,'Caput'),(3,'De Wilgers'),(11,'Eikenhof'),(4,'Excelsior'),(12,'Heide'),(5,'Hombre'),(13,'Karlien'),(14,'Kasteel'),(15,'Klawerhof'),(6,'Laureus'),(16,'Minjonet'),(17,'Oosterhof'),(22,'Oppirif'),(23,'Other'),(7,'Over de Voor'),(8,'Patria'),(1,'Private'),(9,'Ratau'),(18,'Republiek'),(19,'Vergeet-My-Nie'),(10,'Veritas'),(20,'Wag-n-Bietjie'),(21,'Wanda');
/*!40000 ALTER TABLE `hostel` ENABLE KEYS */;
UNLOCK TABLES;

--
-- Temporary view structure for view `hostel_student_detail`
--

DROP TABLE IF EXISTS `hostel_student_detail`;
/*!50001 DROP VIEW IF EXISTS `hostel_student_detail`*/;
SET @saved_cs_client     = @@character_set_client;
SET character_set_client = utf8mb4;
/*!50001 CREATE VIEW `hostel_student_detail` AS SELECT 
 1 AS `Hostel`,
 1 AS `Student Number`,
 1 AS `Initial`,
 1 AS `Last Name`*/;
SET character_set_client = @saved_cs_client;

--
-- Temporary view structure for view `provice_student_detail`
--

DROP TABLE IF EXISTS `provice_student_detail`;
/*!50001 DROP VIEW IF EXISTS `provice_student_detail`*/;
SET @saved_cs_client     = @@character_set_client;
SET character_set_client = utf8mb4;
/*!50001 CREATE VIEW `provice_student_detail` AS SELECT 
 1 AS `Province`,
 1 AS `Student Number`,
 1 AS `Initial`,
 1 AS `Last Name`*/;
SET character_set_client = @saved_cs_client;

--
-- Table structure for table `province`
--

DROP TABLE IF EXISTS `province`;
/*!40101 SET @saved_cs_client     = @@character_set_client */;
 SET character_set_client = utf8mb4 ;
CREATE TABLE `province` (
  `Province_Number` int(11) NOT NULL AUTO_INCREMENT,
  `Province_Name` varchar(20) COLLATE utf8_bin DEFAULT NULL,
  PRIMARY KEY (`Province_Number`),
  UNIQUE KEY `Province_Name_UNIQUE` (`Province_Name`)
) ENGINE=InnoDB AUTO_INCREMENT=11 DEFAULT CHARSET=utf8 COLLATE=utf8_bin;
/*!40101 SET character_set_client = @saved_cs_client */;

--
-- Dumping data for table `province`
--

LOCK TABLES `province` WRITE;
/*!40000 ALTER TABLE `province` DISABLE KEYS */;
INSERT INTO `province` VALUES (9,'Eastern Cape'),(3,'Free state'),(1,'Gauteng'),(6,'Kwazulu Natal'),(5,'Limpopo'),(4,'Mpumalanga'),(2,'North-West'),(7,'Northern Cape'),(10,'Other'),(8,'Western Cape');
/*!40000 ALTER TABLE `province` ENABLE KEYS */;
UNLOCK TABLES;

--
-- Table structure for table `student`
--

DROP TABLE IF EXISTS `student`;
/*!40101 SET @saved_cs_client     = @@character_set_client */;
 SET character_set_client = utf8mb4 ;
CREATE TABLE `student` (
  `Student_Number` int(11) NOT NULL AUTO_INCREMENT,
  `First_Name` varchar(50) COLLATE utf8_bin DEFAULT NULL,
  `Last_Name` varchar(40) COLLATE utf8_bin DEFAULT NULL,
  `Contact_Number` varchar(10) COLLATE utf8_bin DEFAULT NULL,
  `Email_Address` varchar(60) COLLATE utf8_bin DEFAULT NULL,
  `Password` varchar(60) COLLATE utf8_bin DEFAULT NULL,
  `PROVINCE_Province_Number` int(11) NOT NULL,
  `HOSTEL_Hostel_Number` int(11) NOT NULL,
  `Student` int(11) DEFAULT NULL,
  `Admin` int(11) DEFAULT NULL,
  PRIMARY KEY (`Student_Number`),
  UNIQUE KEY `Email_Address_UNIQUE` (`Email_Address`),
  KEY `fk_STUDENT_PROVINCE_idx` (`PROVINCE_Province_Number`),
  KEY `fk_STUDENT_HOSTEL1_idx` (`HOSTEL_Hostel_Number`),
  CONSTRAINT `fk_STUDENT_HOSTEL1` FOREIGN KEY (`HOSTEL_Hostel_Number`) REFERENCES `hostel` (`hostel_number`),
  CONSTRAINT `fk_STUDENT_PROVINCE` FOREIGN KEY (`PROVINCE_Province_Number`) REFERENCES `province` (`province_number`)
) ENGINE=InnoDB AUTO_INCREMENT=27625402 DEFAULT CHARSET=utf8 COLLATE=utf8_bin;
/*!40101 SET character_set_client = @saved_cs_client */;

--
-- Dumping data for table `student`
--

LOCK TABLES `student` WRITE;
/*!40000 ALTER TABLE `student` DISABLE KEYS */;
INSERT INTO `student` VALUES (27236285,'Jacques','Vosloo','0828019645','jacquesvosloo11@gmail.com','$2a$10$JITAg0Ciox4WmGbuFgF7veZ7ov0QtdGmt6h5av.PSLkEcpvyTOupC',1,1,1,0),(27479943,'Dawid','Joubert','0817546910','djkanetoo@gmail.com','$2a$10$MgSvZI72vX7GZwgM62VftO9iu1aLDPu/4ieOHiWgTdi60zaYyAZlm',8,1,1,1),(27625400,'Tyran','Deale','0631234567','tyran.deale@gmail.com','$2a$10$JITAg0Ciox4WmGbuFgF7vehjxVBsIv42Af1Q0JEnbIxOV7NGfyLii',1,4,1,0),(27625401,'Alexander','Deale','0635631598','jacquesvosloo111@gmail.com','$2a$10$.7dqV1oVrhzZNhaxtwxZM.9yXujaSon4mKgpW3Zg5EmRtPuNcuWza',1,4,1,0);
/*!40000 ALTER TABLE `student` ENABLE KEYS */;
UNLOCK TABLES;

--
-- Temporary view structure for view `student_detail`
--

DROP TABLE IF EXISTS `student_detail`;
/*!50001 DROP VIEW IF EXISTS `student_detail`*/;
SET @saved_cs_client     = @@character_set_client;
SET character_set_client = utf8mb4;
/*!50001 CREATE VIEW `student_detail` AS SELECT 
 1 AS `Student_Number`,
 1 AS `First_Name`,
 1 AS `Last_Name`,
 1 AS `Contact_Number`,
 1 AS `Email_Address`,
 1 AS `Province_Name`,
 1 AS `Hostel_Name`,
 1 AS `Student`,
 1 AS `Admin`*/;
SET character_set_client = @saved_cs_client;

--
-- Table structure for table `student_offence`
--

DROP TABLE IF EXISTS `student_offence`;
/*!40101 SET @saved_cs_client     = @@character_set_client */;
 SET character_set_client = utf8mb4 ;
CREATE TABLE `student_offence` (
  `Offence_Number` int(11) NOT NULL AUTO_INCREMENT,
  `Reason` varchar(50) COLLATE utf8_bin DEFAULT NULL,
  `Type_Of_Offence` varchar(10) COLLATE utf8_bin DEFAULT NULL,
  `Date_Of_Offence` datetime DEFAULT NULL,
  `STUDENT_Student_Number` int(11) NOT NULL,
  PRIMARY KEY (`Offence_Number`),
  KEY `fk_STUDENT_OFFENCE_STUDENT1_idx` (`STUDENT_Student_Number`),
  CONSTRAINT `fk_STUDENT_OFFENCE_STUDENT1` FOREIGN KEY (`STUDENT_Student_Number`) REFERENCES `student` (`student_number`)
) ENGINE=InnoDB AUTO_INCREMENT=3 DEFAULT CHARSET=utf8 COLLATE=utf8_bin;
/*!40101 SET character_set_client = @saved_cs_client */;

--
-- Dumping data for table `student_offence`
--

LOCK TABLES `student_offence` WRITE;
/*!40000 ALTER TABLE `student_offence` DISABLE KEYS */;
INSERT INTO `student_offence` VALUES (1,'Invalid information','Reported','2018-10-22 00:00:00',27479943),(2,'Invalid information','Reported','2018-10-22 00:00:00',27479943);
/*!40000 ALTER TABLE `student_offence` ENABLE KEYS */;
UNLOCK TABLES;

--
-- Temporary view structure for view `student_offence_detail`
--

DROP TABLE IF EXISTS `student_offence_detail`;
/*!50001 DROP VIEW IF EXISTS `student_offence_detail`*/;
SET @saved_cs_client     = @@character_set_client;
SET character_set_client = utf8mb4;
/*!50001 CREATE VIEW `student_offence_detail` AS SELECT 
 1 AS `Student Offence`,
 1 AS `Student Email Address`,
 1 AS `Offence Date`,
 1 AS `Offence Type`,
 1 AS `Reason`*/;
SET character_set_client = @saved_cs_client;

--
-- Table structure for table `subject`
--

DROP TABLE IF EXISTS `subject`;
/*!40101 SET @saved_cs_client     = @@character_set_client */;
 SET character_set_client = utf8mb4 ;
CREATE TABLE `subject` (
  `Subject_Number` int(11) NOT NULL AUTO_INCREMENT,
  `Subject_Code` varchar(7) COLLATE utf8_bin DEFAULT NULL,
  `Subject_Name` varchar(200) COLLATE utf8_bin DEFAULT NULL,
  `FACULTY_Faculty_Number` int(11) NOT NULL,
  PRIMARY KEY (`Subject_Number`),
  UNIQUE KEY `Subject_Code_UNIQUE` (`Subject_Code`),
  KEY `fk_SUBJECT_FACULTY1_idx` (`FACULTY_Faculty_Number`),
  CONSTRAINT `fk_SUBJECT_FACULTY1` FOREIGN KEY (`FACULTY_Faculty_Number`) REFERENCES `faculty` (`faculty_number`)
) ENGINE=InnoDB AUTO_INCREMENT=2271 DEFAULT CHARSET=utf8 COLLATE=utf8_bin;
/*!40101 SET character_set_client = @saved_cs_client */;

--
-- Dumping data for table `subject`
--

LOCK TABLES `subject` WRITE;
/*!40000 ALTER TABLE `subject` DISABLE KEYS */;
INSERT INTO `subject` VALUES (1,'ACCC111','Accounting: Framework, Foundations, Cycle and Financial Reporting',1),(2,'ACCC121','Accounting: Accounting for Different Entity forms',1),(3,'ACCC271','Accounting: Corporate Accounting and introduction to IFRS, IFRS for SME and group statements',1),(4,'ACCC371','Accounting: Complex Corporate Accounting(including group statements), and IFRS ',1),(5,'ACCF111','Financial Accounting: Basic Concepts, Accounting Systems and Elementary Financial Reporting',1),(6,'ACCF121','Financial accounting: Elementary Financial Reporting, Partnerships, and Companies',1),(7,'ACCF211','Financial Accounting: Financial Reporting',1),(8,'ACCF221','Financial Accounting: Special Topics and Elementary Group Statements',1),(9,'ACCF371','Financial Accounting: International Financial Reporting Standards(IFRS), and Group Financial statements.',1),(10,'ACCS111','Financial Accounting(Special): Basic Concepts, Accounting Cycle and Accounting Systems',1),(11,'ACCS121','Financial Accounting(Special): Financial Reporting, Analyses and Interpretation of Financial Statements',1),(12,'ACMP311','Computer applications in Accountancy',1),(13,'AUDT271','Auditing: An introduction to applied ISAs, Corporate Governance, Internal Controls and Professional Ethics',1),(14,'AUDT371','Auditing: Integrated Corporate Governance, Computer Controls, ISAs and Statuary requirements',1),(15,'AUDF211','Auditing: An introduction to Corporate Governance, Internal controls and Professional ethics.',1),(16,'AUDF221','Auditing: An introduction to the auditing environment and ISAs',1),(17,'AUDF371','Auditing Corporate governance, Standards and Statutory Requirements',1),(18,'AECP121','Farm Record keeping and Finance',1),(19,'AECP211','Farm Management and Planning',1),(20,'AECP223','Agricultural Marketing',1),(21,'AECP311','Agri business Management',1),(22,'AECP321','Natural Resource and Environmental Economics',1),(23,'AECP322','Agricultural Production Economics',1),(24,'ACFS111','Accounting Special',1),(25,'ACFS121','Accounting Special',1),(26,'ACFS112','Accounting Special(CA)',1),(27,'ACFS122','Accounting Special(CA)',1),(28,'ACPR111','Academic Proficiency',1),(29,'ACWS121','Academic Writing Skills l',1),(30,'ACWS211','Academic Writing Skills ll',1),(31,'ALDE111','Academic Literacy Development',2),(32,'ALDE122','Academic Literacy Development',2),(33,'ACCE112','Accounting for Education: Application of Accounting Systems',2),(34,'ACCE122','Accounting for Education: Financial Reporting Sole Proprietor',2),(35,'ACCE212','Accounting for Education: Asset Disposal and Partnership',2),(36,'ACCE222','Accounting for Education: Manufacturing, Non-Trading Enterprises and Budgets',2),(37,'ACCE312','Accounting for Education: Close Corporations and Companies',2),(38,'ACCE322','Accounting for Education: Financial Statements and Budgets',2),(39,'ACCE412','Accounting for Education: Correction of Errors and Incomplete Records, Ethics, Internal Control and Auditing',2),(40,'ACCE422','Accounting for Education:  Branch Accounts and Computer Usage in Accounting ',2),(41,'ACCG211','Economic Management Sciences for Education: Financial Literacy in the Senior Phase',2),(42,'AFAF211','Afrikaans First Additional Language in FP Teaching: Language Acquisition and Development and Selecting and Evaluating Childrens Literature',2),(43,'AFAF221','Afrikaans First Additional Language in FP Teaching: Foundational Knowledge and Multicultural Childrens Literature',2),(44,'AFAF311','Afrikaans First Additional Language in FP Teaching: Language, Culture and Picture Books',2),(45,'AFAF321','Afrikaans First Additional Language in FP Teaching: Language as a System and Traditional Literature, Poetry, Historical Fiction, and Biographies',2),(46,'AFAF411','Afrikaans First Additional Language in FP Teaching: Planning, Implementing and Managing Instruction as well as Fantasy, Science Fiction and Contemporary Realistic Fiction',2),(47,'AFAF421','Afrikaans First Additional Language in FP Teaching: Assessment and Critical Issues in Childrens Literature',2),(48,'AFCL121','Language of Conversational Competence: Afrikaans',2),(49,'AFIP211','Afrikaans: FAL in the Intermediate Phase(I)',2),(50,'AFIP221','Afrikaans: FAL in the Intermediate Phase(II)',2),(51,'AFIP311','Afrikaans: FAL in the Intermediate Phase(III)',2),(52,'AFIP321','Afrikaans: FAL in the Intermediate Phase(IV)',2),(53,'AFIP411','Afrikaans: FAL in the Intermediate Phase(V)',2),(54,'AFIP421','Afrikaans: FAL in the Intermediate Phase(VI)',2),(55,'AFRE112','Afrikaans Home Language: Text and Curriculum in the Senior and FETPhase',2),(56,'AFRE122','Afrikaans Home Language: Spelling, Semantics, and Dictionary Use for Education',2),(57,'AFRE212','Afrikaans Home Language: Linguistics for Education',2),(58,'AFRE222','Afrikaans Home Language: Drama, Film and Youth Prose for Education',2),(59,'AFRE312','Afrikaans Home Language: Youth and Adult Poetry for Education',2),(60,'AFRE322','Afrikaans Home Language: The Development of Afrikaans and Contemporary Language Politics',2),(61,'AFRE412','Afrikaans Home Language: SocioLinguistics for Education',2),(62,'AFRE422','Afrikaans Home Language: Prose for Education',2),(63,'AFRF111','Afrikaans Home Language FP: Foundational Knowledge and Multicultural Childrens Literature',2),(64,'AFRF121','Afrikaans Home Language FP: Phonetics, Phonology, Phonemic Awareness and the History of Childrens Literature',2),(65,'AFRF211','Afrikaans Home Language FP: Morphology, Phonics, Word Study, Alphabetic Principles and Selecting and Evaluating Childrens Literature',2),(66,'AFRF221','Afrikaans Home Language FP: Semantics, Vocabulary and Picture Books',2),(67,'AFRF311','Afrikaans Home Language FP: Syntax, Fluency and Traditional Literature, Poetry, Historical Fiction and Biographies',2),(68,'AFRF321','Afrikaans Home Language FP: Discourse Analysis, Pragmatics, Comprehension and Informational Texts',2),(69,'AFRF411','Afrikaans Home Language FP: Writing, Handwriting and Fantasy, Science Fiction and Contemporary Realistic Fiction',2),(70,'AFRF421','Afrikaans Home Language FP: School-Based Language Assessment and Critical Issues in Childrens Literature',2),(71,'AFRI111','Afrikaans Home Language IP: Text and Curriculum in the Intermediate Phase',2),(72,'AFRI121','Afrikaans Home Language IP:  Phonetics and Phonology for Education',2),(73,'AFRI211','Afrikaans Home Language IP: Language and Spelling Norms for Education',2),(74,'AFRI221','Afrikaans Home Language IP: Childrens and Youth Poetry for Education',2),(75,'AFRI311','Afrikaans Home Language IP: Drama and Film for Education',2),(76,'AFRI321','Afrikaans Home Language IP: Semantics for Education',2),(77,'AFRI411','Afrikaans Home Language IP: Syntax and Text Linguistics for Education',2),(78,'AFRI421','Afrikaans Home Language IP: Prose for Education',2),(79,'ALDA111','Academic Literacy',2),(80,'ALDA122','Academic Literacy',2),(81,'ARTE112','Visual Arts: Introduction to Visual Arts for Teaching and Learning 1',2),(82,'ARTE122','Visual Arts: Introduction to Visual Arts for Teaching and Learning 2',2),(83,'ARTE212','Visual Arts: From Rococo to Realism Themes, Theories, Praxis and Related Issues',2),(84,'ARTE222','Visual Arts: 19th Century Art up to the Early 20th Century',2),(85,'ARTE312','Visual Arts: From Modernism to PostModernism An Introduction',2),(86,'ARTE322','Visual Arts: Design for Teaching and Learning',2),(87,'ARTE411','Visual Arts: World Art and World Cultures for Teaching and Learning 1',2),(88,'ARTE421','Visual Arts: World Art and World Cultures for Teaching and Learning 2',2),(89,'APPM211','Dynamics I',3),(90,'APPM212','Differential Equations',3),(91,'APPM221','Dynamics II',3),(92,'APPM222','Numerical Methods',3),(93,'APPM312','Numerical methods for Partial',3),(94,'APPM322','Optimisation',3),(95,'ANAV111','Anatomy I',4),(96,'ANAV121','Anatomy II',4),(97,'AFLL111','Afrikaans: Language without borders',5),(98,'AFLL121','Afrikaans and Dutch language and literary study: Text and context the language of texts ',5),(99,'AFLL211','Afrikaans and Dutch  language and literary studies',5),(100,'AFLL221','Afrikaans and Dutch: Grammatical Perspectives',5),(101,'AFLL222','Afrikaans and Dutch: Frameworks for language and literary study',5),(102,'AFLL311','Afrikaans and Dutch: Perspectives on language and literature(1)',5),(103,'AFLL321','Afrikaans and Dutch: Perspectives on language and literature(2)',5),(104,'AFNE211','From Amsterdam to Potchdam: facets of the Dutch language and literature',5),(105,'AFNE212','Text, intertext and hypertext: literary theoretical perspectives',5),(106,'AFNE213','Interdisciplinary perspectives on childrens and youth literature',5),(107,'AKGS111','Old Near East and Greece',5),(108,'AKGS121','Ancient Rome and other cultures',5),(109,'ATSN111','Setswana: Introduction to grammar and language proficiency ',5),(110,'ATSN121','Setswana: Grammar and language proficiency ',5),(111,'ATSN211','Setswana: Grammar, phonetics and language proficiency ',5),(112,'ATSN221','Setswana: Grammar, traditional literature and language proficiency',5),(113,'ATSN311','Setswana: Morphology, syntax, poetry and language proficiency',5),(114,'ATSN321','Setswana: Phonology, prose, drama andlLanguage proficiency',5),(115,'ACCL221','Accounting for Law Students',6),(116,'ANTS111','Legal Terminology',6),(117,'ANTS121','Classical Rhetoric',6),(118,'AHVM111','Anatomy and Physiology :  Animal Health 1',7),(119,'AHVM122','Anatomy and Physiology :  Animal Health 11',7),(120,'AHVM112','Animal Handling and equipment I',7),(121,'AHVM123','Animal Handling and equipment II',7),(122,'AHVM121','Basic Microbiology for Animal Health',7),(123,'AHVM213','Diseases I',7),(124,'AHVM221','Diseases II',7),(125,'AHVM212','Parasitology for Animal Health',7),(126,'AHVM223','Pharmacology and Toxicology:  Animal health',7),(127,'AHVM222','Obstetrics and Genital Diseases: Animal Health',7),(128,'AHVM224','Public Health for Animal Health',7),(129,'AHVM225','Clinical Laboratory Techniques',7),(130,'AHVM226','Basic Microbiology(Animal Science)',7),(131,'AHVM214','Pathology I',7),(132,'AHVM228','Pathology II',7),(133,'AHVM311','Companion Animal clinical Care I',7),(134,'AHVM321','Companion Animal Clinical care II',7),(135,'AHVM312','Production Animal clinical care I',7),(136,'AHVM322','Production Animal clinical care II',7),(137,'AHVM318','Epidemiology',7),(138,'AHVM315','Practical learning and Experiential Learning I',7),(139,'AHVM325','Practical learning and Experiential Learning II',7),(140,'AHVM324','Scheduled Diseases',7),(141,'AHDM316','Meat Inspection I',7),(142,'AHDM326','Meat Inspection II',7),(143,'AHDM317','Jurisprudence',7),(144,'ANDM121','Introduction to Animal Science',7),(145,'ANDM122','Non – Ruminant  Production',7),(146,'ANDM211','Animal Nutrition',7),(147,'ANDM212','Animal Genetics  and Breeding',7),(148,'ANDM213','Ruminant Animal Production',7),(149,'ANDM221','Small Stock Production and Management',7),(150,'ANDM223','Beef Production and Management',7),(151,'ANDM225','Principles of Veld Management',7),(152,'ANDM312','Poultry Production and Management',7),(153,'ANDM313','Dairy Production and Management',7),(154,'ANDM314','Pig Production and Management',7),(155,'ANDM321','Practical Animal Production',7),(156,'APPM121','Statics and Mathematical Modelling',7),(157,'APPM122','Mathematical Modelling and Vector Algebra',7),(158,'APPM111','Introduction to Mechanics ',7),(159,'APPM213','Linear Programming ',7),(160,'APPM223','Mathematical Methods ',7),(161,'APPM323','Fluid Mechanics ',7),(162,'APMM217','Mathematical Modelling ',7),(163,'APMM227','Differential Equations and Numerical Methods ',7),(164,'APMM317','Mathematical Programming ',7),(165,'APMM318','Differential Equations and their Applications',7),(166,'APMM327','Fluid Mechanics ',7),(167,'APMM328','Introduction to Mechanics ',7),(168,'AEDM111','Introduction to Agricultural Economics ',7),(169,'AXDM211','Fundamentals of  Agricultural Extension ',7),(170,'AEDM314','Farm Management and Accounting ',7),(171,'AECM111','Introduction to Agricultural Economics',7),(172,'AEXM211','Fundamentals of  Agricultural Extension ',7),(173,'AEXM212','Communication and Agricultural Technology  Transfer ',7),(174,'AECM221','Land Reform and Agricultural Development ',7),(175,'AEXM222','Agricultural Extension for Development ',7),(176,'AECM223','Farm Accounting ',7),(177,'AECM311','Agricultural Micro-Economics ',7),(178,'AECM313','Agricultural Statistics for Research I ',7),(179,'AECM314','Farm Management and Accounting',7),(180,'AECM315','Food Security Analysis',7),(181,'AECM322','Agricultural Production Economics',7),(182,'AECM321','Land Resource and Environmental Economics ',7),(183,'AECM323','Agricultural Marketing ',7),(184,'AEXM324','Agricultural Rural Sociology',7),(185,'AECM325','Agricultural Macro-Economics',7),(186,'AECM326','Agricultural Finance ',7),(187,'AECM312','International Agricultural Trade',7),(188,'AECM411','Agricultural Project Appraisal and Management ',7),(189,'AECM412','Research Project and Seminar I ',7),(190,'AECM413','Quantitative Methods in Agricultural Economics ',7),(191,'AECM414','Agricultural Statistics for Research II ',7),(192,'AECM415','Agribusiness Management ',7),(193,'AECM421','Farm Planning and Linear Programming ',7),(194,'AECM422','Agricultural Policy Analysis ',7),(195,'AECM424','Agriculture and Economic Development',7),(196,'AECM425','Research Project and Seminar II ',7),(197,'AHPM213','Veterinary Microbiology ',7),(198,'AHPM212','Anatomy and Physiology I ',7),(199,'AHPM221',' Anatomy and Physiology II ',7),(200,'AHPM216','Animal welfare, Handling and equipment I',7),(201,'AHPM223','Animal welfare, Handling and equipment II',7),(202,'AHPM311','Diseases I',7),(203,'AHPM321','Diseases II',7),(204,'AHPM322','Parasitology:  Animal Health',7),(205,'AHPM323','Pharmacology and Toxicology:  Animal Health',7),(206,'AHPM313','Obstetrics and Genital Diseases: Animal Health ',7),(207,'AHPM324','Veterinary  Public Health I',7),(208,'AHPM325','Clinical Laboratory Techniques',7),(209,'AHPM326','Livestock Diseases',7),(210,'AHPM312','Epidemiology ',7),(211,'AHPM327','Veterinary Jurisprudence ',7),(212,'AHPM318','Introduction to game and wildlife',7),(213,'AHPM317','Pathology I',7),(214,'AHPM329','Pathology II',7),(215,'AHBM321','Research Methodology ',7),(216,'AHPM411','Companion Animal Clinical Care I',7),(217,'AHPM421','Companion Animal Clinical Care II',7),(218,'AHPM412','Production Animal Clinical Care I',7),(219,'AHPM422','Production Animal Clinical Care II',7),(220,'AHPM414','Practical learning and Experiential Learning I',7),(221,'AHPM424','Practical learning and Experiential Learning II',7),(222,'AHPM426','Scheduled Diseases',7),(223,'AHPM415','Research Project and Seminar',7),(224,'AHPM425','Research Project and Seminar',7),(225,'ANSM121','Introduction to Agricultural Biometry',7),(226,'ANSM211','Introduction to Animal Science',7),(227,'ANSM214','Ruminant Production Science',7),(228,'ANSM222','Animal Breeding and Genetics ',7),(229,'ANSM223','Animal Nutrition',7),(230,'ANSM225','Non – Ruminant Production Science',7),(231,'ANSM226','Animal Breeding and Genetics',7),(232,'ANSM311','Principles of Veld Management',7),(233,'ANSM312','Applied Agricultural Biometry',7),(234,'ANSM313','Agricultural Biochemistry',7),(235,'ANSM314','Physiology of Reproduction and Growth',7),(236,'ANSM321','Applied Ruminant Nutrition',7),(237,'ANSM322','Planted pastures and Fodder crops',7),(238,'ANSM323','Quantitative Genetics',7),(239,'ANSM326','Small Ruminants Production Science',7),(240,'ANSM412','Applied Animal Breeding ',7),(241,'ANSM415','Beef Production Science ',7),(242,'ANSM416','Applied Non-ruminant  nutrition ',7),(243,'ANSM423','Practical Experience ',7),(244,'ANSM426','Pig  Production Science ',7),(245,'ANSM427','Poultry Production Science ',7),(246,'ANSM428','Dairy Production Sciences ',7),(247,'ANSM479','Research Project',7),(248,'APPM171','Introduction to Mechanics',7),(249,'APPM172','Mathematical Modelling and Vector Algebra',7),(250,'AGLA111','Inleiding tot Akademiese Geletterdheid',8),(251,'AGLE111','Introduction to Academic Literacy',8),(252,'AGLA121','Akademiese Geletterdheid',8),(253,'AGLE121','Academic Literacy',8),(254,'AKLR113','Ancient Near East and Greece',8),(255,'AKLR123','Ancient Rome and other cultures',8),(256,'AKLR211','Ancient Culture: Mythology',8),(257,'AKLR221','Ancient Culture: History of Arts',8),(258,'AKLR311','Ancient Culture: Literature',8),(259,'AKLR321','Ancient Culture: Research',8),(260,'ARAB111','Arabic Grammar I',8),(261,'ARAB121','Arabic Grammar II',8),(262,'ARAB211','Arabic Grammar III',8),(263,'ARAB221','Arabic Grammar IV',8),(264,'ARAB311','Arabic Grammar V',8),(265,'ARAB321','Arabic Grammar VI',8),(266,'BMAN111','1 Introduction to Business Management',1),(267,'BMAN121','General Management',1),(268,'BMAN211','Introduction to Marketing Management ',1),(269,'BMAN212','Entrepreneurial skills',1),(270,'BMAN213','Operations Management',1),(271,'BMAN214','Managerial Skills',1),(272,'BMAN218','Personal Financial Management',1),(273,'BMAN219','Entrepreneurship and Business Opportunities',1),(274,'BMAN221','Purchasing Management and Supply Chain Management',1),(275,'BMAN222','Entrepreneurial Opportunities',1),(276,'BMAN223','Problem Solving for Managers',1),(277,'BMAN227','Entrepreneurship and Financial Aspects in SMMEs',1),(278,'BMAN229','Investment and Financial Risk Management',1),(279,'BMAN311','Financial Management',1),(280,'BMAN312','Entrepreneurship',1),(281,'BMAN313','Production and Operations Management',1),(282,'BMAN319','Investment and financial Risk Management',1),(283,'BMAN321','Strategic Management',1),(284,'BMAN326','Project Management(Old module code)',1),(285,'BMAN329','Project Management',1),(286,'BMAR211','Services Marketing',1),(287,'BMAR212','Specialised Marketing',1),(288,'BMAR213','Introduction to Marketing Management',1),(289,'BMAR221','Consumer Behaviour(Old module)',1),(290,'BMAR222','Brand Management',1),(291,'BMAR311','Product Decisions(Old module)',1),(292,'BMAR312','Price and Distribution Decisions(Old module)',1),(293,'BMAR313','Strategic Marketing',1),(294,'BMAR314','Integrated Marketing Communications',1),(295,'BMAR315','Sales Management',1),(296,'BMAR316','Consumer Behaviour',1),(297,'BMAR321','Marketing Research',1),(298,'BMAR322','Integrated Marketing Communications',1),(299,'BMAR323','Relationship Marketing',1),(300,'BMAR326','Digital Marketing',1),(301,'BMAR324','Advertising and Sales Promotions(Old module)',1),(302,'BMAR325','Sales Management(Old module)',1),(303,'BMAR327','Sport Marketing',1),(304,'BRMM221','Business Research Management(Old module)',1),(305,'BRSF121','Analytical Thinking',1),(306,'BSTE112','Business Studies: The Business World, Business Management, Business Environments and Entrepreneurship',2),(307,'BSTE122','Business Studies: Entry Strategies and e-Business',2),(308,'BSTE212','Business Studies: Establishing a Business',2),(309,'BSTE222','Business Studies:  Planning; Organising; Leading and Controlling the Management Process',2),(310,'BSTE312','Business Studies:  Operational Management and Human Resource Management',2),(311,'BSTE322','Business Studies:  Marketing Management and Cooperative Social Responsibility',2),(312,'BSTE412','Business Studies:  Financial Management and Purchasing Function',2),(313,'BSTE422','Business Studies: Strategic Management and Business Plans',2),(314,'BSTG111','Economic Management Sciences for Education:  Entrepreneurship in the Senior Phase',2),(315,'BIOT411','Biotechnology II',3),(316,'BCDT311','Nutritional Biochemistry',4),(317,'BCHF215','Biochemistry for Health Sciences',4),(318,'BCHG221','Clinical Biochemistry',4),(319,'BCHN213','Introductory Biochemistry',4),(320,'BCHN222','Metabolism A',4),(321,'BCHS316','Enzymology',4),(322,'BCHS317','Molecular Biology',4),(323,'BCHS321','Analytical Biochemistry',4),(324,'BCHS322','Independent Biochemistry Project',4),(325,'BHIG211','Fundamentals of OccupationalHygiene',4),(326,'BHIG221','Risk Management',4),(327,'BHIG222','Ergonomics for Occupational Hygiene',4),(328,'BHIG223','Toxicology I',4),(329,'BHIG224','Research Methodology',4),(330,'BHIG311','Toxicology II',4),(331,'BHIG312','Occupational Hygiene Legislation',4),(332,'BHIG321','Chemical Stressors I',4),(333,'BHIG322','Physical Stressors I',4),(334,'BHIG411','Ventilation',4),(335,'BHIG412','Chemical Stressors II',4),(336,'BHIG413','Physical Stressors II',4),(337,'BHIG421','Chemical Stressors III',4),(338,'BHIG422','Employee Wellness and Epidemiology',4),(339,'BHIG423','Management, Occupational safety and Environment Health',4),(340,'BHIG471','Research Project',4),(341,'BSWG111','Introduction to Social Work as a profession',4),(342,'BSWG114','The scientific foundation of social-work practice',4),(343,'BSWI121','Professional behaviour: theory and practice',4),(344,'BSWI111','Life skills: theory and practice',4),(345,'BSWI122','The development approach to social work and welfare',4),(346,'BSWI211','Casework: theory and practice A',4),(347,'BSWG214','Introduction to child care legislation',4),(348,'BSWG226','Developmental welfare policy A',4),(349,'BSWI221','Social group work: theory and practice A',4),(350,'BSWI212','Community work: theory and practice A',4),(351,'BSWG223','Basic principles of Social Work management',4),(352,'BSWG311','Theories and Approaches in Social Work',4),(353,'BSWI321','Casework: theory and practice B',4),(354,'BSWI322','Community work: theory and practice B',4),(355,'BSWI313','Social group work: theory and practice B',4),(356,'BSWI311','Social work with children',4),(357,'BSWI312','Developmental welfare policy B',4),(358,'BSWG419','Social work and the law',4),(359,'BSWG412','Social work in host settings',4),(360,'BSWG414','Social work services re specific client systems',4),(361,'BSWI411','Social work with families',4),(362,'BSWG416','Social work interventions with regard to substance abuse and dependency',4),(363,'BSWG417','Diversity in Social Work',4),(364,'BSWG418','Practice management in Social Work',4),(365,'BSWP471','Social work practicum B',4),(366,'BSWI471','Social work research: theory and practice',4),(367,'BSWI222','Childcare legislation and associated social work services',4),(368,'BSWP321','Social work practicum A',4),(369,'BCHS211','Introduction to Biochemistry I',7),(370,'BCHS212','Introduction to Biochemistry II',7),(371,'BCHS221','Metabolic Processes I',7),(372,'BCHS222','Metabolic Processes II',7),(373,'BCHS314','Molecular and Cell Biology',7),(374,'BCHS315','Advanced Biochemistry and Molecular Physiology',7),(375,'BCHS324','Analytical Biochemistry',7),(376,'BCHS325','Project',7),(377,'BIYM111','Elements of Human Anatomy',7),(378,'BIYM112','Elements of physiology',7),(379,'BIYM114','Introduction to Microbiology',7),(380,'BIYM121','Human Anatomical Systems',7),(381,'BIYM122','Applied Biochemistry',7),(382,'BIYM124','Systems Physiology',7),(383,'BIYM125','Agric Zoology',7),(384,'BIYM221','Agric Biochemistry',7),(385,'BGYM113','Introductory Biology',7),(386,'BGYM123','Plant systematics and lower vertebrates ',7),(387,'BGYM212','Intoductory Genetics',7),(388,'BGYM214','Bacteriology and Microbial Ecology',7),(389,'BGYM215','Taxonomy',7),(390,'BGYM216','Ecology and Biostatistics',7),(391,'BGYM225','Immunology and Virology',7),(392,'BGYM226','Physiology and Intro to Entomology and Parasitology',7),(393,'BGYM227','Advanced Molecular Genetics',7),(394,'BGYM316','Advanced Ecology and Biostatistics II',7),(395,'BGYM313','Bacterial Metabolism',7),(396,'BGYM314','Appl. Micro and Microbial Diversity ',7),(397,'BGYM315','Systematics',7),(398,'BGYM326','Industrial Microbiology and Biotechnology',7),(399,'BGYM325','Developmental Biology',7),(400,'BGYM371','UNDERGRADUTE PROJECT',7),(401,'BWIA111','Introduction to Financial Mathematics',7),(402,'BWIA121','Introduction to Actuarial Science',7),(403,'BWIA271','Financial Mathematics(A201/CT1)',7),(404,'BWIA313','Actuarial Statistical Models',7),(405,'BWIA314','Stochastic Processes(A202/CT4)',7),(406,'BWIA324','Survival Models(A202/CT4)',7),(407,'BWIA371','Contingencies(A203/CT5)',7),(408,'BWIN321','BMI Project: Capital Markets Modelling and Analysis',7),(409,'BARC211','Biblical Archaeology I',8),(410,'BARC221','Biblical Archaeology II',8),(411,'BIBB111','Biblical Bacoground Studies',8),(412,'BYBL111','Introduction to the Bible and its World',8),(413,'BYBL122','New Testament: Introduction to Interpretation; the Gospels in Pastoral Counselling ',8),(414,'BYBL212','Old Testament: Introduction to Interpretation of the Old Testament; Narrative and Judicial Texts; Pentateuch ',8),(415,'BYBL222','New Testament: Revelation of the Kingdom; Thematic overview of the New Testament Books ',8),(416,'BYBL312','Prophetic, Poetic and Wisdom Literature',8),(417,'BYBV113','Introduction to the Old Testament in contemporary contexts',8),(418,'BYBV123','Introduction to New Testament in contemporary contexts',8),(419,'BYBV211','Contemporary bio ethical themes',8),(420,'BYBV223','Development of pastoral skills',8),(421,'BYBV312','Old Testament: Overview and interpretation with pastoral applications',8),(422,'BYBV323','New Testament overview and interpretation with pastoral applications',8),(423,'CFDM111','Introduction to Public Administration',1),(424,'CFDM121','Introduction to Public Administration',1),(425,'CFMA111','Pre-Calculus I',1),(426,'CFMA121','Pre-Calculus II',1),(427,'COMS113','Writing in Different Context',1),(428,'COMS114','Introduction to Visual Communication',1),(429,'COMS123','Introduction to Development Communications',1),(430,'COMS213','Corporate Communication',1),(431,'COMS221','Reputation Management',1),(432,'COMS311','Communication Theory',1),(433,'COMS325','Integrated Communication',1),(434,'CMPG122','User Interface Programming',1),(435,'CMPG213','Systems Analysis and Design I',1),(436,'CMPG223','System Analysis and Design II',1),(437,'CMPG311','Databases ',1),(438,'CMPG312','Decision Support Systems 1',1),(439,'CMPG321','Advanced Databases',1),(440,'CMPG322','Decision support Systems II',1),(441,'CATE112','Computer Applications Technology Education: System Technologies',2),(442,'CATE122','Computer Applications Technology Education: Elementary Word Processing Skills',2),(443,'CATE212','Computer Applications Technology Education: Advanced Word Processing Skills',2),(444,'CATE222','Computer Applications Technology Education: Computer Networks',2),(445,'CATE312','Computer Applications Technology Education: Databases',2),(446,'CATE322','Computer Applications Technology Education: Spreadsheet Processing',2),(447,'CATE412','Computer Applications Technology Education: e-Applications and eCommunication',2),(448,'CATE422','Computer Applications Technology Education: Information Management and Social Implications',2),(449,'CTEE212','Civil Technology',2),(450,'CTEE222','Civil Technology',2),(451,'CTEE312','Civil Technology',2),(452,'CTEE322','Civil Technology',2),(453,'CTEE412','Civil Technology',2),(454,'CTEE422','Civil Technology',2),(455,'CULV211','Professional Development and Diversity in Education',2),(456,'CEMI121','Process Principles I',3),(457,'CEMI211','Materials and Corrosion',3),(458,'CEMI213','Electrotechnics for Chemical Engineers',3),(459,'CEMI222','Chemical Thermodynamics I',3),(460,'CEMI224','Process Principles II',3),(461,'CEMI311','Transport Phenomena I',3),(462,'CEMI313','Chemical Thermodynamics II',3),(463,'CEMI315','Biotechnology',3),(464,'CEMI316','Particle Systems',3),(465,'CEMI321','Transport Phenomena II',3),(466,'CEMI322','Separation Processes I',3),(467,'CEMI323','Chemical Reactor Theory I',3),(468,'CEMI326','Process Modelling for Control',3),(469,'CEMI328','Plant Design',3),(470,'CEMI411','Separation Processes II',3),(471,'CEMI415','Chemical Reactor Theory II',3),(472,'CEMI417','Process Control',3),(473,'CEMI418','Ore Dressing',3),(474,'CEMI419','Pyrometallurgy',3),(475,'CEMI471','Vacation Training seniors',3),(476,'CEMI477','Plant Design II',3),(477,'CEMI479','Project',3),(478,'CHNM111','Community Nursing Science',4),(479,'CHNM122','Community Nursing Science',4),(480,'CHNM211','Community Nursing Science',4),(481,'CHNM222','Community Nursing Science',4),(482,'CHNM311','Community Nursing Science',4),(483,'CHNM322','Community Nursing Science and Practicals',4),(484,'CSDM111','Botany for Agriculture',7),(485,'CSDM121','Introduction to Crop Production',7),(486,'CSDM211','Introduction to Soil Science',7),(487,'CSDM212','Agricultural Climatology',7),(488,'CSDM213','Farm Machinery',7),(489,'CSDM215','Vegetable Production',7),(490,'CSDM221','Principles of Crop Improvement',7),(491,'CSDM222','Soil Fertility and Fertilizers',7),(492,'CSDM223','Soil Conservation',7),(493,'CSDM224','Farm Practice II',7),(494,'CSDM225','Fruit Production',7),(495,'CSDM311','Agronomy of Summer Crops',7),(496,'CSDM312','Plant Protection',7),(497,'CSDM315','Pedology and Soil Classification',7),(498,'CSDM321','Agronomy of Winter Crops',7),(499,'CSDM322','Weeds and Weed Control',7),(500,'CSDM323','Elements of Agricultural Microbiology',7),(501,'CSDM324','Elementary Irrigation',7),(502,'CSDM371','Practical Crop Production',7),(503,'CHEN211','Analytical Chemistry II',7),(504,'CHEN212','Physical Chemistry II ',7),(505,'CHEN213','Organic Chemistry II Pharmacy/Biological Sciences',7),(506,'CHEN222','Inorganic Chemistry II',7),(507,'CHEN223','Organic Chemistry II',7),(508,'CHEM311','Analytical Methods III',7),(509,'CHEN312','Physical Chemistry III',7),(510,'CHEN321','Inorganic Chemistry III',7),(511,'CHEN322','Organic Chemistry III',7),(512,'CMPG111','Introduction to Computing and Programming',7),(513,'CMPG112','Introduction to End User Computing',7),(514,'CMPG121','Structured programming I',7),(515,'CMPG222','Data Analytics ',7),(516,'CMPG215','Information Security',7),(517,'CMPG216','Data Visualisation',7),(518,'CISM226','Software Engineering',7),(519,'CISM213','Data Structures and Algorithm',7),(520,'CISM214','Imperative and Object oriented Programming',7),(521,'CISM225','Introduction to Operating Systems',7),(522,'CISM313','Introduction to Database Systems',7),(523,'CISM314','Principles of Compiler Design',7),(524,'CISM327','Data Communication and Networks',7),(525,'CISM326','Artificial Intelligence Fundamentals',7),(526,'CSPM211','Introduction to Soil Science',7),(527,'CSPM212','Agricultural Climatology ',7),(528,'CSPM213','Farm Machinery ',7),(529,'CSPM221','Introduction to Crop Production ',7),(530,'CSPM222','Soil Fertility and Fertilizers',7),(531,'CSPM223','Soil Conservation',7),(532,'CSPM225','Agricultural Microbiology',7),(533,'CSPM311','Agronomy of Summer Crops',7),(534,'CSPM317','Plant Pathology and Nematology',7),(535,'CSPM319','Agricultural Entomology',7),(536,'CSPM313','Vegetable Production',7),(537,'CSPM321','Agronomy of Winter Crops',7),(538,'CSPM322','Weed and Weed Control',7),(539,'CSPM323','Fruit Production ',7),(540,'CSPM324','Principles of Irrigation',7),(541,'CSPM325','Plant Physiology ',7),(542,'CSPM326','Principles of Genetics and Plant Breeding ',7),(543,'CSPM327','Soil Survey and Land Use Planning',7),(544,'CSPM411','Crop Production Systems',7),(545,'CSMP411','Advanced Plant Breeding',7),(546,'CSMP412','Horticultural Science',7),(547,'CSPM415','Pedology and Soil Classification',7),(548,'CSPM416','Soil Physics',7),(549,'CSPM419','Soil Chemistry and Mineralogy ',7),(550,'CSPM421','Crop Physiology',7),(551,'CSPM425','Applied Crop Protection ',7),(552,'CSPM423','Soil Survey and Land use Planning.',7),(553,'CSPM426','Soil Microbiology ',7),(554,'CSPM479','Practical Crop Production Training',7),(555,'CSPM474','Research project and Seminar',7),(556,'CMPG171','Introduction to computing and programming',7),(557,'CMPG172','Structured Programming',7),(558,'DMTM317','Community Participation in Development Programmes and Projects',1),(559,'DMTM327','Environmental Development Management',1),(560,'DMTM328','International Development Management',1),(561,'DRKS111','Invertebrates',7),(562,'DRKS121','Chordates',7),(563,'DRKN211','Developmental Biology',7),(564,'DRKS221','Comparative Animal Physiology',7),(565,'DRKS311','Ecology',7),(566,'DRKN321','Animal Parasitology',7),(567,'DRKS322','Ethology',7),(568,'ECON111','Introduction to Economics',1),(569,'ECON112','Basic Micro Economics',1),(570,'ECON113','Understanding Economics',1),(571,'ECON121','Basic Micro- and Macro-economics',1),(572,'ECON122','Basic Macro Economics',1),(573,'ECON211','Macro-economics',1),(574,'ECON212','Macroeconomics Applications',1),(575,'ECON221','Micro-economics',1),(576,'ECON222','Microeconomics Applications',1),(577,'ECON311','Fiscal and Monetary Policy',1),(578,'ECON312','Public Policy Applications',1),(579,'ECON313','Monetary Economics',1),(580,'ECON314','Public Economics',1),(581,'ECON315','International Economics',1),(582,'ECON321','Economic Analysis',1),(583,'ECON322','Development Economics',1),(584,'ECON324','Quantitative Economics',1),(585,'ECON325','Econometrics',1),(586,'EKIP211','International Trade',1),(587,'EKIP212','International Trade Relations',1),(588,'EKIP221','International Financing',1),(589,'EKIP222','International Trade Practice',1),(590,'EKIP311','International Trade Geography',1),(591,'EKIP312','International Cargo Movement',1),(592,'EKIP321','International Business Communication',1),(593,'EKIP322','International Trade Analysis',1),(594,'EKRP211','Introduction to Risk Management',1),(595,'EKRP221','Investment Management',1),(596,'EKRP311','Bank Risk Management',1),(597,'EKRP321','Financial Markets',1),(598,'ECAM221','Introduction to Economic Planning',1),(599,'ECAM311','Planning Techniques',1),(600,'ECAM321','Strategy of Planning',1),(601,'ECAT121','Extension of Critical and Analytical Thinking',1),(602,'ECNG121','Economic Management Sciences for Education: Economics in the Senior Phase',2),(603,'ECOE112','Economics for Education: Introduction to Economics(Part 1)',2),(604,'ECOE122','Economics for Education: Introduction to Economics(Part 2)',2),(605,'ECOE212','Economics for Education: EconomicRelated Issues Applicable to the RSA',2),(606,'ECOE222','Economics for Education: Introduction to Micro-Economics',2),(607,'ECOE312','Economics for Education: From Micro- to Macro-Economics',2),(608,'ECOE322','Economics for Education: The Monetary and Government Sector',2),(609,'ECOE412','Economics for Education: MacroEconomic Problems(Part 1)',2),(610,'ECOE422','Economics for Education: MacroEconomic Problems(Part 2)',2),(611,'EDCC114','Introduction to Curriculum  and Professional Studies',2),(612,'EDCC115','Critical Components for Curriculum Development for Educators',2),(613,'EDCC116','Work Integrated Learning(Learning in Practice; Learning from Practice)',2),(614,'EDCC125','Historical and Political Context of Education in South Africa',2),(615,'EDCC126','Work Integrated Learning(Learning in Practice; Learning from Practice)',2),(616,'EDCC214','Professional Studies: Teaching and Learning Theories and Practices',2),(617,'EDCC215','Educational Psychology: Introduction to Educational Psychology',2),(618,'EDCC216','Work Integrated Learning(Learning in Practice; Learning from Practice)',2),(619,'EDCC224','Educational Psychology: Human Development',2),(620,'EDCC225','Work Integrated Learning(Learning in Practice; Learning from Practice)',2),(621,'EDCC315','Educational Law',2),(622,'EDCC316','Work Integrated Learning(Learning in Practice; Learning from Practice)',2),(623,'EDCC323','Educational Psychology: Learning Support',2),(624,'EDCC325','Critical Thinking and Social Justice',2),(625,'EDCC326','Work Integrated Learning(Learning in Practice; Learning from Practice)',2),(626,'EDCC413','Educational Management and Leadership',2),(627,'EDCC414','Professional Studies: Integrated Assessment',2),(628,'EDCC415','Work Integrated Learning(Learning in Practice; Learning from Practice)',2),(629,'EDCC423','Educational Systems',2),(630,'EDCC424','Work Integrated Learning(Learning in Practice; Learning from Practice)',2),(631,'EDTC111','Educational Media and Technology',2),(632,'EDTM312','Environmental Management for Sustainability:  Introduction to Environmental Management in Schools',2),(633,'EGDE113','Engineering Graphics and Design:  Sketching and Instrument Drawing Theory and Skills',2),(634,'EGDE123','Engineering Graphics and Design:  Projection Methods for Two Dimensional and Three Dimensional Views and Construction of Loci',2),(635,'EGDE212','Engineering Graphics and Design: Descriptive Geometry',2),(636,'EGDE222','Engineering Graphics and Design: Civil Drawings - Floor Plans, Orthographic and Pictorial Views',2),(637,'EGDE312','Engineering Graphics and Design: Civil Drawings Electrical Wiring Diagrams, Scales and View of Foundations',2),(638,'EGDE322','Engineering Graphics and Design: Machine Drawing',2),(639,'EGDE411','Engineering Graphics and Design: Working in 3-D(1)',2),(640,'EGDE421','Engineering Graphics and Design: Working in 3-D(2)',2),(641,'ENAC211','English  Communication: Using English as a Medium of Instruction Across the Curriculum(1)',2),(642,'ENAC221','English Communication:  English Across the Curriculum',2),(643,'ENAF211','English First Additional Language in FP Teaching: Language Acquisition and Development and Selecting and Evaluating Childrens Literature',2),(644,'ENAF221','English First Additional Language in FP Teaching: Foundational Knowledge and Multicultural Childrens Literature',2),(645,'ENAF311','English First Additional Language in FP Teaching: Language, Culture and Picture Books',2),(646,'ENAF321','English First Additional Language in FP Teaching: Language as a System and Traditional Literature, Poetry, Historical Fiction, and Biographies',2),(647,'ENAF411','English First Additional Language in FP Teaching: Planning, Implementing and Managing Instruction as well as Fantasy, Science Fiction and Contemporary Realistic Fiction',2),(648,'ENAF421','English First Additional Language in FP Teaching: Assessment and Critical Issues in Childrens Literatur',2),(649,'ENFF111','English Home Language FP: Foundational Knowledge and Multicultural Childrens Literature',2),(650,'ENFF121','English Home Language FP: Phonetics, Phonology, Phonemic Awareness and the History of Childrens Literature',2),(651,'ENFF211','English Home Language FP: Morphology, Phonics, Word Study, Alphabetic Principles and Selecting and Evaluating Childrens Literature',2),(652,'ENFF221','English Home Language FP: Semantics, Vocabulary and Picture Books',2),(653,'ENFF311','English Home Language FP: Syntax, Fluency and Traditional Literature, Poetry, Historical Fiction and Biographies',2),(654,'ENFF321','English Home Language FP: Discourse Analysis, Pragmatics, Comprehension and Informational Texts',2),(655,'ENFF411','English Home Language FP: Writing, Handwriting and Fantasy, Science Fiction and Contemporary Realistic Fiction',2),(656,'ENFF421','English Home Language FP: SchoolBased Language Assessment and Critical Issues in Childrens Literature',2),(657,'ENFI111','English Home Language IP: Text and Curriculum in the Intermediate Phase',2),(658,'ENFI121','English Home Language IP: Characteristics of Childrens and Young Adult Literature',2),(659,'ENFI211','English  Home Language IP:  Folklore and Poetry in the Intermediate Phase',2),(660,'ENFI221','English  Home Language IP:  Short Stories in the Intermediate Phase',2),(661,'ENFI311','English  Home Language IP:  Drama in the Intermediate Phase',2),(662,'ENFI321','English  Home Language IP:  Semantics for the Teacher',2),(663,'ENFI411','English  Home Language IP:  Syntax and Text Linguistic for the Teacher',2),(664,'ENFI421','English  Home Language IP:  Syntactic and Text Linguistics for Teaching',2),(665,'ENGV111','English for the Senior/FET Phase Teacher:  Introduction to Young Adult Literature(YAL)',2),(666,'ENGV121','English for the Senior/FET Phase Teacher: Linguistics',2),(667,'ENGV211','English for the Senior/FET Phase Teacher:  Texts and Context - Studying Literature from the Elizabethan to the Victorian Era',2),(668,'ENGV221','English for the Senior/FET Phase Teacher:  Exploring Key Periods in Literature',2),(669,'ENGV311','English for the Senior/FET Phase Teacher:  Literary Theories and Philosophy',2),(670,'ENGV321','English for the Senior/FET Phase Teacher: Understanding Text and Context in a Post Modern Era',2),(671,'ENGV411','English for the Senior/FET Phase Teacher:  South African Literary Foundations and Perspectives',2),(672,'ENGV421','English for the Senior/FET Phase Teacher:  Applied Linguistic',2),(673,'ENIP211','Teaching English as a FAL in the Intermediate Phase',2),(674,'ENIP221','English as a FAL in the Intermediate Phase: Linguistics for the Intermediate Phase Teacher',2),(675,'ENIP311','English as a FAL in the Intermediate Phase: Childrens and Young Adult Literature in the Intermediate Phase',2),(676,'ENIP321','English as a FAL in the Intermediate Phase: Visual Literacy and Technology for the IP Teacher',2),(677,'ENIP411','English as a FAL in the Intermediate Phase:  Texts and Context in the FAL Classroom',2),(678,'ENIP421','English as a FAL in the Intermediate Phase:  Advanced Language Skills for the IP Teacher',2),(679,'ETEE213','Electrical Technology for Teachers:  Basic Electronics',2),(680,'ETEE222','Electrical Technology: Electromagnetism',2),(681,'ETEE312','Electrical Technology: Alternating Current Circuits',2),(682,'ETEE322','Electrical Technology for Teachers:  Electronics II(Semiconductor Devices)',2),(683,'ETEE413','Electrical Technology for Teachers: Electronics III(Digital Fundamentals)',2),(684,'ETEE423','Electrical Technology: Alternating Current-Circuits',2),(685,'EEII321','Power Systems I',3),(686,'EEII327','Electrical Design',3),(687,'EEII413','Power Electronics',3),(688,'EEII422','Power Systems II',3),(689,'EERI124','Electrotechnique I',3),(690,'EERI212','Electrotechnics',3),(691,'EERI213','Electrotechnics II',3),(692,'EERI215','Electrotechnique II',3),(693,'EERI221','Electrical Systems I',3),(694,'EERI222','Signal Theory I',3),(695,'EERI223','Electronics I',3),(696,'EERI224','Linear Systems',3),(697,'EERI311','Electrical Systems II',3),(698,'EERI313','Electromagnetics',3),(699,'EERI315','Signal Theory II',3),(700,'EERI318','Electronics II',3),(701,'EERI321','Control Theory I',3),(702,'EERI322','Electronics II',3),(703,'EERI324','Principles of Measurement',3),(704,'EERI325','Signal Theory II',3),(705,'EERI412','Electronics III',3),(706,'EERI414','Signal Theory III',3),(707,'EERI415','Telecommunication Systems',3),(708,'EERI418','Control Theory II',3),(709,'EERI423','Telecommunication Systems',3),(710,'EERI471','Vacation Training seniors',3),(711,'EERI473','Engineering Management',3),(712,'EERI474','Project',3),(713,'EPPM111','Ethos and professional practice',4),(714,'EPPM221','Ethos and professional practice',4),(715,'ETIE212','Ethical perspectives',5),(716,'ETIE221','Christian ethics',5),(717,'ETIE312','Socio-economic ethics',5),(718,'ETIE313','Ethics in the workplace',5),(719,'ETIE321','The ethics of care',5),(720,'ETIE322','Research project',5),(721,'ENLL111','Introduction to literary genres',6),(722,'ENLL121','Introduction to literary genres ',6),(723,'ENLL211','Development of literary genres',6),(724,'ENLL221','Development of literary genres',6),(725,'ENLL311','Key periods in literature, historical linguistics and stylistics',6),(726,'ENLL321','South Africa and the World: Post modern and contemporary literature, sociolinguistics and advanced linguistics analysis',6),(727,'ENLS111','English for Specific Purposes',6),(728,'ENLS121','Practical English for Professional Purposes',6),(729,'ELYM115','Electricity, Magnetism and Circuits',7),(730,'ELYM127','Introduction to Electronics ',7),(731,'ELYM215','Analogue Electronics AND Systems',7),(732,'ELYM227','Digital Electronics And Systems',7),(733,'ELYM315','Advanced Analogue Electronics',7),(734,'ELYM316','Intro to signals And System',7),(735,'ELYM327','Advanced digital techniques And Systems',7),(736,'ELYM328','Intro to microcontroller Systems',7),(737,'EGYP111','Egyptian I',8),(738,'EGYP121','Egyptian II',8),(739,'FORP111','Forensic Accounting',1),(740,'FORP112','Forensic Accounting',1),(741,'FORP121','Forensic Accounting',1),(742,'FORP122','Forensic Accounting',1),(743,'FORP123','Forensic Accounting',1),(744,'FORP215','Forensic Accounting',1),(745,'FORP224','Forensic Accounting',1),(746,'FORP313','Forensic Accounting',1),(747,'FORP323','Forensic Accounting',1),(748,'FINM271','Introduction to Applied Financial Management',1),(749,'FINM371','Applied Financial Management',1),(750,'FMAN271','Introduction to Financial Management',1),(751,'FMAN371','Financial Management',1),(752,'FETC111','Structures in Technology as Part of Core Content Topics of Senior Phase Technology',2),(753,'FETE121','Electrical Technology: Electric Current Theory',2),(754,'FETM111','Engineering Technology for Teachers: Manufacturing and Joining',2),(755,'FETM121','Mechanical Technology for Teachers:  Mechanical Systems',2),(756,'FETP111','Processing in Technology for Education',2),(757,'FETW211','Engineering Technology for Teachers: Mechanical(Welding), Technology',2),(758,'FSKS111','Mechanics, Oscillations, Waves and Theory of Heat.',3),(759,'FSKS121','Electricity, Magnetism, Optics, Atomic and Nuclear Physics',3),(760,'FSKS211','Electricity and Magnetism',3),(761,'FIAP172','Professional Practice I',3),(762,'FIAP173','Fundamental Engineering Application Programme I',3),(763,'FIAP271','Professional Practice II',3),(764,'FIAP272','Fundamental Engineering Application Programme II',3),(765,'FBCG211','Pharmaceutical Biochemistry Farmaseutiese Biochemie',4),(766,'FCAG122','Pharmaceutical Calculations',4),(767,'FCHG222','Pharmaceutical Chemistry IB',4),(768,'FCHG312','Pharmaceutical Chemistry IIA',4),(769,'FCHG322','Pharmaceutical Chemistry IIB',4),(770,'FCHG412','Pharmaceutical Chemistry IIIA',4),(771,'FFSG421','Integrated Pharmaceutical Care',4),(772,'FKLG212','Pharmacology IA',4),(773,'FKLG222','Pharmacology IB',4),(774,'FKLG312','Pharmacology IIA',4),(775,'FKLG322','Pharmacology IIB',4),(776,'FKLG412','Pharmacology IIIA',4),(777,'FLGX113','Introduction to Physiology',4),(778,'FLGX123','Membrane and Muscle Physiology',4),(779,'FLGX114','Introduction Physiology for BA and BSc Consumer Sciences',4),(780,'FLGX124','Muscle Physiology for BA',4),(781,'FLGX213','Endocrine system and digestion',4),(782,'FLGX223','Physiological defence mechanisms',4),(783,'FLGX224','Metabolism',4),(784,'FLGX312','Excretion',4),(785,'FLGX313','Respiration',4),(786,'FLGX314','Cardiovascular Physiology',7),(787,'FLGX317','Cardiovascular Physiology',4),(788,'FLGX328','Reproductive physiology',4),(789,'FLGX325','Neurophysiology',4),(790,'FLGX327','Dermal physiology',4),(791,'FLGX329','Cardiovascular physiology applications',4),(792,'FLPV213','Physiology for Nursing I',4),(793,'FLPV222','Physiology for Nursing II',4),(794,'FLPX113','Physiology for Pharmacy IA',4),(795,'FLPX123','Physiology for Pharmacy IB',4),(796,'FMSG212','Pharmaceutics IA',4),(797,'FMSG223','Pharmaceutics IB',4),(798,'FMSG312','Pharmaceutics IIA',4),(799,'FMSG322','Pharmaceutics IIB',4),(800,'FMSG412','Pharmaceutics IIIA',4),(801,'FNPG421','Pharmaceutical research project',4),(802,'FNSM111','Fundamental Nursing Science and practicals',4),(803,'FNSM122','Fundamentals of Nursing Science and practicals',4),(804,'FPFG121','Clinical Pharmacy IB',4),(805,'FPFG211','Clinical Pharmacy IIA',4),(806,'FPFG221','Clinical Pharmacy IIB',4),(807,'FPFG312','Clinical Pharmacy IIIA',4),(808,'FPFG322','Clinical Pharmacy IIIB',4),(809,'FPFG412','Clinical Pharmacy IVB',4),(810,'FPKG112','Pharmacy practice IA',4),(811,'FPKG113','Pharmacy practice IB',4),(812,'FPKG211','Pharmacy practice IIA',4),(813,'FPKG221','Pharmacy practice IIB',4),(814,'FPKG313','Pharmacy practice IIIA',4),(815,'FPKG324','Pharmacy practice IIIB',4),(816,'FPKG414','Pharmacy practice IVA',4),(817,'FREB111','Business French for beginners 1',4),(818,'FREB121','Business French for beginners 2',4),(819,'FREN111','French for beginners 1',4),(820,'FREN121','French for beginners 2',4),(821,'FSKS113','Physics for Biology I',4),(822,'FSKS123','Physics for Biology II',4),(823,'FSKS212','Optics',7),(824,'FSKS221','Modern Physics ',7),(825,'FSKS222','Introductory Quantum Physics',7),(826,'FSKS311','Electromagnetism',7),(827,'FSKS312','Wave Mechanic',7),(828,'FSKS321','Thermodynamics',7),(829,'FSKS322','Nuclear Physics and Elementary Particles',7),(830,'FSKS323','Astro- and Space physics',7),(831,'FLGX326','Reproductive and Environmental Physiology',7),(832,'FKLT331','Principles of Pharmacokinetics(method of delivery is WWW/Distance), ',7),(833,'FREN211','French intermediary 1',8),(834,'FREN221','French intermediary 2',8),(835,'FREN311','French advanced 1',8),(836,'FREN321','French advanced 2',8),(837,'GERB111','Elementary Business German 1',1),(838,'GERB121','Elementary Business German 2',1),(839,'GEOE112','Geography Education:  Physical, Economic and Population Background of Africa and the RSA',2),(840,'GEOE122','Geography Education: Planetary Geography, and Climatology',2),(841,'GEOE212','Geography Education: Urban and Economic Geography',2),(842,'GEOE222','Geography Education: Introduction to Geomorphology and Oceanography',2),(843,'GEOE312','Geography Education: Population and Development Geography',2),(844,'GEOE322','Geography Education: Advanced Geomorphology',2),(845,'GEOE411','Geography Education: Urban and Environmental Geography',2),(846,'GEOE421','Geography Education: Advanced Climatology',2),(847,'GEOS211','Geography: Human and Physical Geography for the Senior Phase',2),(848,'GENL311','Mineralogy and Petrology',3),(849,'GEOG111','Introduction to Physical Geography',4),(850,'GEOG121','Introduction to Human Geography',4),(851,'GGFS212','Physical Geography',4),(852,'GGFS222','Human Geography',4),(853,'GGFS312','GIS and remote sensing',4),(854,'GGFS322','Applied Geography',4),(855,'GNSM111','General Nursing Science I and practicals',4),(856,'GNSM122','General Nursing Science I and practicals',4),(857,'GNSM211','General Nursing Science II and practicals',4),(858,'GNSM222','General Nursing Science II and practicals',4),(859,'GNSM311','General Nursing Science III and practicals',4),(860,'GNSM321','General Nursing Science III and practicals',4),(861,'GRFO112','Introduction to Design 1',5),(862,'GRFO121','Applied Design 1',5),(863,'GRFO212','Applied Design 2',5),(864,'GRFO213','Creativity theory',5),(865,'GRFO222','Applied Design 3',5),(866,'GRFO313','Introduction to Interactive and Print Based Design',5),(867,'GRFO323','Interactive and Print Based Design 1',5),(868,'GRFO414','Applied professional practice 1',5),(869,'GRFO424','Applied professional practice 2',5),(870,'GRFI112','Illustration: Basic drawing techniques I',5),(871,'GRFI122','Illustration: Basic painting techniques',5),(872,'GRFI211','Creative Illustration techniques: The art of drawing and painting 1',5),(873,'GRFI221','Creative Illustration techniques: The art of drawing and painting 2',5),(874,'GRFI312','Applied Illustration',5),(875,'GRFI321','Illustration: Advanced application',5),(876,'GRFI472','Illustration: Professional practice',5),(877,'GRFM311','Introduction to Multimedia Design',5),(878,'GRFM321','Multimedia Design',5),(879,'GRFM411','Applied Multimedia Design',5),(880,'GRFM421','Advanced Applied Multimedia Design',5),(881,'GEOG212','Environmental Thermodynamics',7),(882,'GEOM214','Aspects of Human Geography',7),(883,'GEOM215','Geographical Statistics and Computers',7),(884,'GEOM224','Aspects of Physical Geography',7),(885,'GEOM225','Aerial Photography and Remote Sensing',7),(886,'GEOM316','Advanced Human Geography',7),(887,'GEOM317','Advanced Physical Geography',7),(888,'GEOM328',' Introduction to Geographical Information Systems',7),(889,'GEOM329','The Geography of African Development',7),(890,'GLGN112','Geology and the Environment',7),(891,'GLGN122','South African Geology',7),(892,'GLGN211','Mineralogy and Igneous Petrology',7),(893,'GLGN221','Sedimentology, Structural Geology and Neotectonics',7),(894,'GLGN311','Metamorphic Petrology and Geochemistry',7),(895,'GLGN321','Hydrogeology',7),(896,'GDKN121','Introduction to Soil Science',7),(897,'GDKN211','Advanced Soil Science',7),(898,'GDKN221','Soil Degradation and Rehabilitation',7),(899,'GEOG171','Introduction to Physical Geography',7),(900,'GEOG172','Introduction to Human Geography',7),(901,'GEOG211','Aspects of Physical Geography',8),(902,'GEOG221','Human Geography',8),(903,'GERM111','Elementary German 1',8),(904,'GERM121','Elementary German 2',8),(905,'GERM211','German intermediary 1',8),(906,'GERM221','German intermediary 2',8),(907,'GERM311','German advanced 1',8),(908,'GERM321','German advanced 2',8),(909,'GRKS112','Greek Grammar I',8),(910,'GRKS122','Greek Grammar II and Linguistic Skill',8),(911,'GRKS211','Greek Grammar III, and Semantics',8),(912,'GRKS221','Greek Composition and New Testament Textual Criticism',8),(913,'GRKS313','Greek Translation and Textual Analysis',8),(914,'GRKS323','Greek Translation and Textual Analysis',8),(915,'HRMA111','Introduction to Human Resource Management',1),(916,'HRMA121','The Functions of Human Resource Management',1),(917,'HRMA122','Human Resource Management',1),(918,'HRMA211','Training and Development',1),(919,'HRMA221','Performance Management and Rewards',1),(920,'HRMA311','Employee Relations and Employment Legislation',1),(921,'HRMA321','Strategic Human Resource Management',1),(922,'HRDT111','Introduction to HRD',1),(923,'HRDT112','Learning, motivation and performance',1),(924,'HRDT121','HRD in the South African context ',1),(925,'HRDT122','Adult learning',1),(926,'HRDT211','Mentoring and coaching',1),(927,'HRDT212','Needs analysis and design',1),(928,'HRDT213','Delivering learning interventions',1),(929,'HRDT221','Introductory research methodology',1),(930,'HRDT222','Assessment within an occupational context',1),(931,'HRDT223','Moderation within an occupational context',1),(932,'HRDT311','Research in HRD',1),(933,'HRDT312','Skills development within an occupational context',1),(934,'HRDT313','Designing learning programmes',1),(935,'HRDT314','Organisational learning and development',1),(936,'HRDT321','Contemporary issues in HRD',1),(937,'HRDT322','Managing HRD',1),(938,'HRDT323','Evaluating training effectiveness',1),(939,'HRDT324','Quality management in training and development',1),(940,'HTOD115','Introduction to community-based tourism',1),(941,'HTOD124','Introduction to tourism distribution management',1),(942,'HTOD215','Tourism distribution management',1),(943,'HTOD216','Management and development of tourist attractions',1),(944,'HTOD217','Culture and Heritage Tourism',1),(945,'HTOD218','Management and development of tourist attractions',1),(946,'HTOD225','Sustainable tourism development',1),(947,'HTOD226','Tour operations management',1),(948,'HTOD315','Tourism research',1),(949,'HTOD316','Strategic Tourism Management',1),(950,'HTOD317','Sustainable tourism development',1),(951,'HTOD324','Tourism in the SADC Region',1),(952,'HTOD325','Work-integrated learning',1),(953,'HTOD326','Work-integrated learning',1),(954,'HISE112','History for Education: Aspects of Euro-Asian History(9th to 19th Century)',2),(955,'HISE122','History for Education: Aspects of South African History(1652-1900)',2),(956,'HISE212','History for Education: Aspects of South African History(1900-1948)',2),(957,'HISE222','History for Education: Aspects of African History(16th to 20th Century)',2),(958,'HISE312','History for Education: Conflict in the Middle East During the 20th to 21st Century',2),(959,'HISE322','History for Education: Aspects of European History(1914-1945)',2),(960,'HISE411','History for Education: The Cold War and the Globalized World',2),(961,'HISE421','History for Education: Aspects of South African History(1948-Present)',2),(962,'HISV211','History: Selected South African and Global History for the Senior Phase',2),(963,'HMDC111','Supplementation and energy systems',4),(964,'HMDC112','Long term athlete development',4),(965,'HMDC211','Introduction to sport injuries',4),(966,'HMDC212','Sport specific perceptual skills',4),(967,'HMPA121','Game skills application in athletics',4),(968,'HMPA221','Coaching science practice in athletics 2',4),(969,'HMPR111','Game skills development in rugby',4),(970,'HMPR121','Game skills application in rugby',4),(971,'HMPR221','Coaching science practice in rugby 2',4),(972,'HMPS111','Game skills development in soccer',4),(973,'HMPS121','Game skills application in soccer',4),(974,'HMPS221','Coaching science practice in soccer 2',4),(975,'HMSB321','Applied biokinetics',4),(976,'HMSB471','Applied biokinetic practice',4),(977,'HMSB472','Biokinetic practice and community service',4),(978,'HMSB473','Applied laboratory and professional development',4),(979,'HMSC111','Health promotion and wellness',4),(980,'HMSC113','Physical activity epidemiology',4),(981,'HMSC114','Sports vision, development and TID',4),(982,'HMSC212','Sports management and organization',4),(983,'HMSC221','iomechanics',4),(984,'HMSC312','Sport development, commercialization and sport law',4),(985,'HMSC321','Clinical exercise physiology',4),(986,'HMSC322','Therapeutic recreation',4),(987,'HMSC323','Applied biomechanics',4),(988,'HMSC325','Management in school sport',4),(989,'HMSC326','Sport mechanics',4),(990,'HMSC471','Professional internship',4),(991,'HMSC472','Research methods and script',4),(992,'HMSE121','Exercise physiology 1',4),(993,'HMSE211','Exercise physiology 2',4),(994,'HMSE221','Exercise physiology 3',4),(995,'HMSE311','Exercise physiology 4',4),(996,'HMSK311','Applied pediatric exercise science',4),(997,'HMSK312','Pediatric exercise science 1',4),(998,'HMSK321','Pediatric exercise science 2',4),(999,'HMSO221','Orthopedics 1',4),(1000,'HMSO311','Orthopedics 2',4),(1001,'HMSP121','Sport and exercise psychology 1',4),(1002,'HMSP211','Sport and exercise psychology 1',4),(1003,'HMSS311','Applied exercise science practice',4),(1004,'HMSS312','Laboratory practice 1',4),(1005,'HMSS321','Laboratory practice 2',4),(1006,'HMXS221','Coaching science in soccer',4),(1007,'HMSA111','Functional anatomy',4),(1008,'HMSA121','Applied anatomy',4),(1009,'HMSC112','Motor learning and control',4),(1010,'HMSC211','Sport injuries',4),(1011,'HMSC122','Sport psychology',4),(1012,'HMSC324','Research methodology',4),(1013,'HMPA111','Game skills development in athletics',4),(1014,'HMXA211','Coaching science in athletics',4),(1015,'HMPG211','Coaching science in golf',4),(1016,'HMXG221','Coaching science in gymnastics',4),(1017,'HMXH221','Coaching science in hockey',4),(1018,'HMSC121','Generic coaching science',4),(1019,'HMXK221','Coaching science in cricket',4),(1020,'HMXN211','Coaching science in netball',4),(1021,'HMDC121','Basic anatomy and sport physiology',4),(1022,'HMXR221','Coaching science in rugby',4),(1023,'HMXS211','Coaching science practice in soccer 1',4),(1024,'HMXT211','Coaching science in tennis',4),(1025,'HIRL115','Introduction  to International Relations',5),(1026,'HIRL123','Africa’s International Relations',5),(1027,'HIRL215','Introduction to international relations Interstate issues in the global age',5),(1028,'HIRL216','Theory and practice of diplomacy',5),(1029,'HIRL217','International institutions',5),(1030,'HIRl219','Environmental politics',5),(1031,'HIRL226','North south relations',5),(1032,'HIRL227','Theories of International Relations ',5),(1033,'HIRL311','International political economy',5),(1034,'HIRL312','Research project and experiential learning',5),(1035,'HIRL315','International law',5),(1036,'HIRL316','International law',5),(1037,'HIRL321','Conflict and Conflict Management',5),(1038,'HIRL322','Gender and development in the third world',5),(1039,'HIRL323','Multinational corporations and the third world states',5),(1040,'HIRL325','Research project and experiential learning',5),(1041,'HDEV111','Introduction to Development Studies',5),(1042,'HDEV121','Develpmental problems and issues',5),(1043,'HDEV122','Community development',5),(1044,'HDEV211','Development theory and strategy',5),(1045,'HDEV221','Political Economy of Southern Africa',5),(1046,'HDEV311','Rural and Urban Development',5),(1047,'HDEV321','Development planning and management',5),(1048,'HPOP111','Introduction to Population studies and Demography',5),(1049,'HPOP121','Basic Demographyic Measures and composition',5),(1050,'HPOP211','Introduction to Componets of Population Change',5),(1051,'HPOP212','Introduction to Population and Development  theories',5),(1052,'HPOP221','Introduction to Demogrgraphic techniques ',5),(1053,'HPOP223','Sources, Eveluation and Adjustment of Demographic Data',5),(1054,'HPOP311','Demography of South Africa',5),(1055,'HPOP312','Introduction to Population Policies and Programmes',5),(1056,'HPOP313','Research Methods and Computing in Population Analysis',5),(1057,'HPOP321','Population and Development Intelinkings',5),(1058,'HPOP322','Research Project',5),(1059,'HPOP323','Demographic Aspects of HIV/AIDS Pandemic',5),(1060,'HPOP324','Demgraphic Aspects  of Labour Force',5),(1061,'HPOP325','Gender, Reproductive Health and Development',5),(1062,'HPOP326','Population , Ageing and Development',5),(1063,'HPEC112','French',6),(1064,'HPEC123','French',6),(1065,'HIST112','Themes in South African History',8),(1066,'HIST123','Themes in World History',8),(1067,'HIST213','Reflections on South Africa in Africa',8),(1068,'HIST223','Analysis of contemporary historical thems',8),(1069,'HIST312','Historical perspectives',8),(1070,'HIST323','The nature, theory and practice of history',8),(1071,'INYM111','Introduction to Computers and Programming',1),(1072,'INFS111','Introduction to Information Systems',1),(1073,'INFS113','Introduction to Computers and Programming',1),(1074,'INFS121','Computer applications and packages',1),(1075,'INFS122','Introduction to Programming',1),(1076,'INYM113','Introduction to Information Systems',1),(1077,'INYM121','Computer Applications and Packages',1),(1078,'INYM122','Visual Programming',1),(1079,'INYM216','Object Oriented Programming',1),(1080,'INYM217','Computer Organization and Architecture',1),(1081,'INYM218','Systems Analysis and Design',1),(1082,'INYM219','Business Information Systems',1),(1083,'INYM225','Electronic Business',1),(1084,'INYM226','Introduction to Databases',1),(1085,'INYM227','Introduction to Networks and OSI',1),(1086,'INYM229','Web Programming and System Software',1),(1087,'INYM313','Database Systems',1),(1088,'INYM314','Project Management for Information Systems',1),(1089,'INYM316','Computer Networks and Cryptology',1),(1090,'INYM326','Business Wireless and Mobile Networking Systems',1),(1091,'INYM327','Management of Information Technology',1),(1092,'INYM328','Information Systems Project',1),(1093,'INYM329','Artificial Intelligence',1),(1094,'IOPS111','Introduction to Industrial Psychology',1),(1095,'IOPS121','Occupational Health and Ergonomics',1),(1096,'IOPS211','Personnel Psychology',1),(1097,'IOPS212','Consumer Psychology',1),(1098,'IOPS221','Career Psychology',1),(1099,'IOPS311','Organisational Psychology',1),(1100,'IOPS321','Psychometrics and Research Methodology',1),(1101,'ICAT111','Introduction to Critical and Analytical Thinking',1),(1102,'ICOM111','Introduction to Communication',1),(1103,'INTE112','Information Technology Education: System Technologies',2),(1104,'INTE122','Information Technology Education: Data Presentation and Graphical Programming',2),(1105,'INTE212','Information Technology Education:  Introduction to Delphi Programming',2),(1106,'INTE222','Information Technology Education:  Computer Networks',2),(1107,'INTE312','Information Technology Education: Databases',2),(1108,'INTE322','Information Technology Education:  Data Structures, Methods and SQL',2),(1109,'INTE412','Information Technology Education:  System Development Methodologies and Computer Applications',2),(1110,'INTE422','Information Technology Education:  Project Management, Web Design and Social Implications',2),(1111,'ITEE222','Engineering Technology for Teachers: Manufacturing and Joining(ii)',2),(1112,'ITEE312','Engineering Technology for Teachers: Manufacturing and Joining(iii)',2),(1113,'ITEE323','Engineering Technology for Teachers: Manufacturing and Joining(iv)',2),(1114,'ITEE413','Engineering Technology for Teachers: Manufacturing and Joining(v)',2),(1115,'ITEE423','Engineering Technology For Teachers: Manufacturing And Joining(vi)',2),(1116,'INGB121','Process Drawings',3),(1117,'INGB222','Operations Management for Engineers',3),(1118,'INGB223','Operations Research',3),(1119,'INGB311','Engineering Economics',3),(1120,'INGB314','Operational Excellence',3),(1121,'INGB315','Simulation',3),(1122,'INGB316','Supply Chain Management',3),(1123,'INGB413','Quality Assurance',3),(1124,'INGB417','Facilities Design',3),(1125,'INGB421','Business Analytics',3),(1126,'INGB427','Business Engineering and Design',3),(1127,'INGB471','Vacation Training seniors',3),(1128,'INGB479','Project',3),(1129,'INGM111','Engineering Graphics I',3),(1130,'INGM121','Engineering Graphics II',3),(1131,'INGM122','Materials Science I',3),(1132,'INGM211','Strength of Materials I',3),(1133,'INGM212','Engineering Materials I',3),(1134,'INGM222','Thermodynamics I',3),(1135,'INGM223','Manufacturing Technology',3),(1136,'INGM224','Applied Computer Methods',3),(1137,'INGM271','Workshop Practice',3),(1138,'INGM311','Thermodynamics II',3),(1139,'INGM312','Fluid Mechanics I',3),(1140,'INGM313','Strength of Materials II',3),(1141,'INGM321','Fluid Mechanics II',3),(1142,'INGM322','Structural Analysis',3),(1143,'INGM323','Machine design',3),(1144,'INGM327','Mechanical Design',3),(1145,'INGM411','Thermal Machines',3),(1146,'INGM412','Heat Transfer',3),(1147,'INGM413','Fluid Machines',3),(1148,'INGM415','Failure of Materials',3),(1149,'INGM416','Aircraft Design',3),(1150,'INGM417','Systems Engineering',3),(1151,'INGM421','Machine Dynamics',3),(1152,'INGM423','Manufacturing Technology',3),(1153,'INGM427','Thermal Fluid System Design',3),(1154,'INGM471','Vacation Training seniors',3),(1155,'INGM479','Project',3),(1156,'IURI111','Law of Persons',6),(1157,'IURI121','Indigenous Law',6),(1158,'IURI122','History of South African Law',6),(1159,'IURI171','Introduction to Law',6),(1160,'IURI172','History of South African Law',6),(1161,'IURI173','Family Law',6),(1162,'IURI174','Language Skills in the Legal Context I',6),(1163,'IURI211','Criminal Law: General Principles',6),(1164,'IURI212','Constitutional Law',6),(1165,'IURI213','Legal Interpretation ',6),(1166,'IURI221','Criminal Law: Specific Crimes',6),(1167,'IURI222','Labour Law',6),(1168,'IURI223','Fundamental Rights',6),(1169,'IURI271','Law of Criminal Procedure',6),(1170,'IURI272','Law of Property',6),(1171,'IURI273','Law of Delict',6),(1172,'IURI274','Language Skills in the Legal Context II',6),(1173,'IURI311','Entrepreneurial Law',6),(1174,'IURI312','Administrative Law',6),(1175,'IURI321','Civil Procedure in the Magistrates’s Court',6),(1176,'IURI322','Law of Insovency',6),(1177,'IURI371','Law of Evidence',6),(1178,'IURI372','International Law',6),(1179,'IURI373','Principles of Contract',6),(1180,'IURI374','Law of Succession and the Administration of Estates',6),(1181,'IURI375','Language Skills in the Legal Context III',6),(1182,'IURI411','High Court Law of Civil Procedure',6),(1183,'IURI412','Introduction to Jurisprudence',6),(1184,'IURI413','Specific Contracts',6),(1185,'IURI414','Legal Practice',6),(1186,'IURI421','Banking Law and Electronic Commerce',6),(1187,'IURI422','Legal Practice ',6),(1188,'IURI423','Jurisprudence and Ethics',6),(1189,'IURI471','Research Project',6),(1190,'ACCL111','Accounting for Law Students',6),(1191,'IURE412','Moot Court',6),(1192,'IURE413','Alternative Dispute Resolution',6),(1193,'IURE414','Tax Law',6),(1194,'IURE415','Street Law',6),(1195,'IURM411','Advanced Obligations',6),(1196,'IURM413','Medicina Forensis',6),(1197,'IURM414','International Economic Law',6),(1198,'IURP412','Law of Damages and Road Accident Compensation Law',6),(1199,'IURP413','Insurance Law',6),(1200,'IURP414','Land Law and Registration',6),(1201,'IURP415','Legal Pluralism: Religious Legal Systems',6),(1202,'IURE421','Private International Law',6),(1203,'IURE422','Intellectual Property Law',6),(1204,'IURE423','Street Law',6),(1205,'IURE424','Environmental Law',6),(1206,'IURM423','Law of Trusts',6),(1207,'IURM424','Law of Punishment',6),(1208,'IURM425','Comparative Law',6),(1209,'IURP422','Development and Local Government Law',6),(1210,'IURP424','Enrichment and Estoppel ',6),(1211,'IURP426','Socio-economic Rights',6),(1212,'ITRW112','Introduction to computers and programming',7),(1213,'ITRW115','Programmering vir Ingenieurs I(C++) ',7),(1214,'ITRW123','User Interface Programming I',7),(1215,'ITRW124','Java Programming I',7),(1216,'ITRW126','Programming for Engineers(Visual Basic)',3),(1217,'ITRW212','Programming II',7),(1218,'ITRW211','User Interface Programming II',7),(1219,'ITRW213','Systems Analysis and Design I',7),(1220,'ITRW315','Communication Skills',7),(1221,'ITRW222','Data Structures and Algorithms',7),(1222,'ITRW225','System Analysis and Design II',7),(1223,'ITRW311','Databases I',7),(1224,'ITRW214','Decision Support Systems I',7),(1225,'ITRW317','Artificial Intelligence',7),(1226,'ITRW322','Computer Networks',7),(1227,'ITRW321','Advanced Databases',7),(1228,'ITRW325','Decision Support Systems I',7),(1229,'ITRW326','Decision Support Systems II',7),(1230,'ITRW324','IT Developments',7),(1231,'ITRW316','Operating Systems',7),(1232,'ITRW313','Expert Systems',7),(1233,'IKSM111','The Nature of Indigenous Knowledge Systems and Innovations ',7),(1234,'IKSM112','African Languages and Communication Systems ',7),(1235,'IKSM113','Introduction to Health Care Systems in relation to Indigenous Knowledge Systems(IKS), ',7),(1236,'IKSM114','The Role of Indigenous Knowledge Systems in Climate Change',7),(1237,'IKSM115','Introduction to African Indigenous Life Skills Education ',7),(1238,'IKSM121','A Historiography of African Science and Technology  ',7),(1239,'IKSM122','Introduction to Tools of Indigenous Knowledge Management',7),(1240,'IKSM123','The Use and Roles of Signs and Symbols in African Communities  ',7),(1241,'IKSM124','The Nature and Roles of African Indigenous Health Care providers  ',7),(1242,'IKSM125','African Indigenous Food Security Systems ',7),(1243,'IKSM221','The Rights of Indigenous Peoples',7),(1244,'IKSM212','African Cultural Astronomy',7),(1245,'IKSM213','The Nature and Characteristics of African Indigenous Health Care Systems ',7),(1246,'IKSM214','African Indigenous Knowledge Development and Management ',7),(1247,'IKSM215','Implications of Intellectual Property Rights(IPR), on Indigenous Knowledge Systems(IKS)/Traditional Knowledge(TK), ',7),(1248,'IKSM222','African Indigenous Approaches to Peace and Conflict Resolution  ',7),(1249,'IKSM223','Socio-Cultural Protocols associated with African Traditional Medicine and Health Care',7),(1250,'IKSM224','African Indigenous Cultural, Bio-Diversity and Heritage ',7),(1251,'IKSM225','Foundations of African Indigenous Education ',7),(1252,'IKSM312','Indigenous  Medicinal and   Nutritional Significance of  Living Organisms ',7),(1253,'IKSM313','Theories of African Indigenous  Community Innovation Systems  for Sustainable Livelihood ',7),(1254,'IKSA311','Impact of Climate Change on African Indigenous Food Security Systems',7),(1255,'IKSH311','Comparative Health Care Systems',7),(1256,'IKSH312','African Indigenous Medicinal and Nutritional Significance of Living Organisms ',7),(1257,'IKSH313','Theories of African Indigenous Community Innovation Systems for Sustainable Livelihood',7),(1258,'IKSH314','Gender in African Indigenous Health Care Systems ',7),(1259,'IKSS311','Introduction to African Ethno- mathematics',7),(1260,'IKSS312','Comparative African Indigenous and Western Science and Technology Systems',7),(1261,'IKSC311','Comparative Western and African Indigenous Life Skills Education ',7),(1262,'IKSC312','Comparative African Indigenous and Western Peace and Conflict Resolution Approaches',7),(1263,'IKSM321','African Indigenous Metallurgy',7),(1264,'IKSM322','Indigenous Knowledge(IK),  and Innovations in Public Health Care ',7),(1265,'IKSM323','Comparative African Indigenous Textile Technologies ',7),(1266,'IKSM324','Indigenous Knowledge and Renewable Energy  Sources for Sustainable Livelihood ',7),(1267,'IKSA321','African Indigenous Agriculture and Sustainable Community Livelihood and Development in Southern Afric',7),(1268,'IKSA322','Comparative African Indigenous Cultural, Biodiversity and Heritage',7),(1269,'IKSA323','Comparative African Indigenous and Western Food Security Systems ',7),(1270,'IKSC321','African Traditional Governance and Democracy',7),(1271,'IKSC322','African Indigenous Music and Dance',7),(1272,'IKSC323','Gender in African Indigenous Arts and Culture-',7),(1273,'IKSH321','African Indigenous Health Care Providers',7),(1274,'IKSH322','Indigenous Knowledge  and Innovations in Public Health Care 1 ',7),(1275,'IKSH323','African Traditional Medicine and Health Care Systems 1 ',7),(1276,'IKSS321','African Indigenous Metallurgy 1',7),(1277,'IKSS322','African Indigenous Ethno mathematics11',7),(1278,'IKSS323','Comparative African Indigenous Textile Technologies ',7),(1279,'IKSS324','Indigenous Knowledge and Renewable Energy Sources for Sustainable Livelihood I- ',7),(1280,'IKSM411','Basic  Research Methods',7),(1281,'IKSM412','Qualitative and Quantitative Research in IKS',7),(1282,'IKSM413','African Traditional Governance and  Democracy ',7),(1283,'IKSA413','Indigenous Knowledge  and Renewable Energy Sources for Sustainable  Livelihood II- ',7),(1284,'IKSC413','African  Indigenous Music and Drama-',7),(1285,'IKSH411','African Traditional Medicine and Health Care Systems 11 ',7),(1286,'IKSS413','African Indigenous Metallurgy II',7),(1287,'IKSM421','Internship and Research Project',7),(1288,'ITSP111','Introduction to Problem Solving',7),(1289,'ITSP121','Introductory Programming Principles',7),(1290,'ITSP113','Introduction to Graphical Interface Programming',7),(1291,'ITSP114','Introduction to Object Orientated Programming',7),(1292,'KCOM111','Introduction to Mass Communication',1),(1293,'KCOM112','Introduction to Communication Context',1),(1294,'KCOM121','Introduction to Journalism',1),(1295,'KCOM122','Introduction to Corporate Communication',1),(1296,'KCOM211','Publishing(DTP)',1),(1297,'KCOM213','Corporate Communication: Relation management',1),(1298,'KCOM222','Intercultural and international communication',1),(1299,'KCOM226','Effective Communication',1),(1300,'KCOM229','Media Policy, - ethics, -law',1),(1301,'KCOM316','Corporate Media: WEB development',1),(1302,'KCOM317','Video: technology and visual aesthetics',1),(1303,'KCOM318','Communication for social change',1),(1304,'KCOM321','Research Methodology',1),(1305,'KCOM322','Development and Political Communication',1),(1306,'KCOM326','Integrated corporate media',1),(1307,'KCOM327','Video: Pre Production',1),(1308,'KCOM329','Communication management: Plan',1),(1309,'KCOM371','Media- and corporative writing',1),(1310,'KCOM311','Research methods',5),(1311,'KCOM328','Communication management: marketing communication mangement',5),(1312,'KCMO672','Advanced Communication for Social change',5),(1313,'KCMO621','Communication for Social change: context and application ',5),(1314,'KCMK613','Marketing Management in a communication context',5),(1315,'KCMK621','Communication Management: Relationship and reputation management',5),(1316,'KCMK623','Public communication',5),(1317,'KSGS675','Design history and theory',5),(1318,'KSGS113','Introduction to History of Art',5),(1319,'KSGS122','The artist as genius/master during the Renaissance and Baroque',5),(1320,'KSGS212','World art and world cultures',5),(1321,'KSGS222','Themes in 19th century art',5),(1322,'KSGS312','Introduction to modernism and postmodernism: From Avantgarde to transavantgardia ',5),(1323,'KSGS322','Postmodernism: From Kitsch to cyber culture ',5),(1324,'LMNM211','Introduction to Logistics',1),(1325,'LMNM221','Introduction to Logistics Activities',1),(1326,'LMNM311','Models for Logistics Decision Support',1),(1327,'LMNM312','Logistics Strategies and Customer Service',1),(1328,'LMNM321','Logistics Business Systems',1),(1329,'LMNM322','International Logistics',1),(1330,'LGAM115','Introduction to Local Government and Administration',1),(1331,'LGAM216','Local Economic Development',1),(1332,'LGAM227','Developmental Local Government',1),(1333,'LGAM228','Municipal Service 4 Partnerships',1),(1334,'LGAM317','Governance and Ethics',1),(1335,'LGAM318','Financial Management in Local Government',1),(1336,'LGAM321','Public Policy',1),(1337,'LGAM322','Comparative Local Government and Administrations',1),(1338,'LGAM327','Housing Policy and Management',1),(1339,'LGAM328','Comparative Local Government Administration',1),(1340,'LARM111','Introduction to Work Place Relations',1),(1341,'LARM211','Occupational Management',1),(1342,'LARM212','Diversity Management',1),(1343,'LARM221','Work Group Dynamics',1),(1344,'LARM311','Theory and Practice of Labour Relations',1),(1345,'LARM321','Management of Labour Relations',1),(1346,'LARM322','Conflict Resolution',1),(1347,'LESE112','Introduction to Learning Support within an Inclusive Education Approach',2),(1348,'LESE122','Learning Support: Introduction to Barriers to Learning',2),(1349,'LESE212','Learning Support: Chronic Illnesses and Diseases and Poor SocioEconomic Circumstances',2),(1350,'LESE222','Learning Support : Physical, Neural and Intellectual Impairments',2),(1351,'LESE312','Learning Support: Sensory and Learning Impairments as well as Giftedness',2),(1352,'LESE322','Learning Support: Emotional, Social and Behaviour Difficulties',2),(1353,'LESE411','Learning Support: Introduction to Applied Learning Support',2),(1354,'LESE421','Learning Support: Applied Learning Support',2),(1355,'LIFE112','Life Sciences for Education: Biochemistry and Cytology',2),(1356,'LIFE122','Life Sciences for Education: Cell Processes and Tissues',2),(1357,'LIFE212','Life Sciences for Education: Taxonomy and Processes of Viruses, Bacteria, Fungi, Algae and Plantae',2),(1358,'LIFE222','Life Sciences for Education: Protista and Zoology',2),(1359,'LIFE312','Life Sciences for Education: Anatomy And Physiology of Man Locomotion, Muscle-, Transport-, Immunology- and Nutritional Systems',2),(1360,'LIFE322','Life Sciences for Education: Anatomy And Physiology of Man Gaseous Exchange, Excretion, Osmoregulation and Co-Ordination Systems as well as Homeostasis and Temperature Regulation',2),(1361,'LIFE411','Life Sciences for Education: Environmental Studies Ecology and Sustainable Living',2),(1362,'LIFE421','Life Sciences for Education: Human Reproduction, Genetics and Continuity of Life',2),(1363,'LOCE411','Life Orientation: The World of Work',2),(1364,'LOCE421','Life Orientation: Career Education',2),(1365,'LOLT421','Language of Learning and Teaching',2),(1366,'LOPE311','Life Orientation: Physical Education Exercise Science, Selected Recreational Movement Activities and Physical Fitness',2),(1367,'LOPE321','Life Orientation: Physical Education Motor Learning, Sport and Selected Recreational Movement Activities',2),(1368,'LOPV111','Life Orientation: Personal Life Skills and Ethics(i)',2),(1369,'LOPV121','Life Orientation: Personal Life Skills and Ethics(ii)',2),(1370,'LOSE211','Life Orientation: Society and Environment(i)',2),(1371,'LOSE221','Life Orientation: Society and Environment(ii)',2),(1372,'LSIN121','Introduction to Life Skills: Intermediate Phase',2),(1373,'LSIP111','Life Skills Intermediate Phase: Personal Development(i)',2),(1374,'LSIP211','Life Skills Intermediate Phase: Personal Development(ii)',2),(1375,'LSIP221','Life Skills Intermediate Phase: Social and Environmental Responsibility',2),(1376,'LSIP311','Life Skills Intermediate Phase: Physical Education(i)',2),(1377,'LSIP321','Life Skills Intermediate Phase: Physical Education(ii)',2),(1378,'LSIP411','Life Skills Intermediate Phase: Creative Arts(Music)',2),(1379,'LSIP421','Life Skills Intermediate Phase: Creative Arts(Visual Art and Drama)',2),(1380,'LSKA211','Life Skills: Visual Arts for Teaching and Learning in the Foundation Phase',2),(1381,'LSKM221','Life Skills in the Foundation Phase: Music',2),(1382,'LSKN321','Life Skills for Early Childhood Education Development:  Natural Science and Technology',2),(1383,'LSKP421','Life Skills Foundation Phase: Physical Education',2),(1384,'LSKS111','Life Skills for Early Childhood Education Development: Social Sciences',2),(1385,'LSPP411','Life Skills for Early Childhood Education Development: Health Sciences',2),(1386,'LLAW221','Introductory Labour Law',3),(1387,'LPRA111','Introduction to Language practice',5),(1388,'LPRA121','Language practice and text',8),(1389,'LPRA122','Language practice and quality assurance',5),(1390,'LPRA211','Theoretical perspectives on translation practice 1',5),(1391,'LPRA221','Skills for language practice: editing and technological skills',5),(1392,'LPRA222','Introduction to interpreting',5),(1393,'LPRA311','Theoretical perspectives on translation practice 2',5),(1394,'LPRA312','Advanced technological applications 1: Machine translation and translation memory',5),(1395,'LPRA321','Advanced professional applications: The publishing industry and internship work',5),(1396,'LPRA322','Advanced technological applications II:  Audiovisual translation and interpreting',5),(1397,'LPRA323','Internship: Interpreting or Translation',5),(1398,'LPRA324','Advanced theory and research: Interpreting or machine translation',5),(1399,'LATN112','Latin for Everyone',8),(1400,'LATN122','Judicial and Church Latin',8),(1401,'LATN211','Latin Authors and Roman History I',8),(1402,'LATN222','Latin Authors and Roman History II',8),(1403,'LATN312','Latin Texts: Texts, Contexts, and Reception II',8),(1404,'LATN321','Latin Authors and Roman History IV',8),(1405,'LING121','Linguistic',8),(1406,'LING211','Linguistic methods in Ancient Textual studies',8),(1407,'LING212','Linguistic methods in Ancient Textual studies',8),(1408,'LITS221','Reception of Ancient Literature',8),(1409,'MACC271','Introduction to Management Accounting',1),(1410,'MACC371','Management Accounting',1),(1411,'MDAC271','Introduction to Management Decisionmaking and control',1),(1412,'MDAC371','Management decision-making and control',1),(1413,'MLAW111','Introduction to the Law of Contract and Business Law',1),(1414,'MLAW121','Mercantile Law: Business Forms',1),(1415,'MLAW211','Mercantile Law: Advanced Company Law',1),(1416,'MCLM113','Contract',1),(1417,'MCLM121','Special Contracts',1),(1418,'MCLM123','Labour Law',1),(1419,'MBXR217','Sport Organization and Development',1),(1420,'MBXR218','Sport Commercialisation, Sport Development and Sport Law',1),(1421,'MBXR219','Sport Organisation and Administration',1),(1422,'MAIP121','Mathematics Intermediate Phase: Mathematical Problem Solving',2),(1423,'MAIP211','Mathematics Intermediate Phase: Numeration Systems and Number Theory',2),(1424,'MAIP221','Mathematics Intermediate Phase: Functional Relationships',2),(1425,'MAIP311','Mathematics Intermediate Phase: Proportional Reasoning',2),(1426,'MAIP321','Mathematics Intermediate Phase: Space and Shape',2),(1427,'MAIP411','Mathematics Intermediate Phase: Measurement',2),(1428,'MAIP421','Mathematics Intermediate Phase: Data Handling',2),(1429,'MATF111','Introduction to Mathematics: Numbers, Operations and Data Handling',2),(1430,'MATH111','Mathematics for the Senior and FET Phase: Numbers, Relationships and Number Systems',2),(1431,'MATH121','Mathematics for the Senior and FET Phase: Exploring Space and Shape',2),(1432,'MATH211','Mathematics for the Senior and FET Phase: A Model-Based Approach to Functions',2),(1433,'MATH221','Mathematics for the Senior and FET Phase: The Interaction Between Algebra and Geometry',2),(1434,'MATH311','Mathematics for the Senior and FET Phase: Statistics and Probability',2),(1435,'MATH321','Mathematics for the Senior and FET Phase: Euclidean and Spherical Geometry',2),(1436,'MATH411','Mathematics for the Senior and FET Phase: Differentiation and Integration Calculus',2),(1437,'MATH421','Mathematics for the Senior and FET Phase: Multi-Dimensional Algebra and Numerical Methods',2),(1438,'MATV111','Mathematics for Senior Phase: Algebra',2),(1439,'MATV121','Mathematics for Senior Phase: Geometry',2),(1440,'MFPC111','Mathematics for Early Childhood Education and Development: Learning and Teaching Theories and Strategies in Primary Mathematics',2),(1441,'MFPC121','Mathematics for Early Childhood Education and Development: Number Sense and Operations',2),(1442,'MFPC221','Mathematics for Early Childhood Education and Development: Geometry and Measurement of Primary Mathematics',2),(1443,'MFPC311','Mathematics for Early Childhood Education and Development: Number Theory, Number Patterns and Data Handling in Primary Mathematics',2),(1444,'MFPC321','Mathematics for Early Childhood Education and Development: Rational Numbers in Primary Mathematics',2),(1445,'MFPC411','Mathematics for Early Childhood Education and Development: Language in Mathematics',2),(1446,'MFPP421','Mathematics for Early Childhood Education and Development: Early Preschool Mathematics',2),(1447,'MLIT111','Mathematical Literacy: Numbers and Operations in Context',2),(1448,'MLIT121','Mathematical Literacy: Space, Shape and Measurement',2),(1449,'MLIT211','Mathematical Literacy: Functional Relationships',2),(1450,'MLIT221','Mathematical Literacy: Financial World',2),(1451,'MLIT311','Mathematical Literacy: Statistics and Probability',2),(1452,'MLIT321','Mathematical Literacy: Euclidean Geometry',2),(1453,'MLIT411','Mathematical Literacy: Trigonometry',2),(1454,'MLIT421','Mathematical Literacy: Analytical Geometry',2),(1455,'MTLS211','Multi-Grade and Learning Support in the Foundation and Intermediate Phase',2),(1456,'MUSI111','An Introduction to Music as Part of the Subject Creative Arts in the Senior Phase',2),(1457,'MUSI121','Practical Applications of Music as Part of the Subject Creative Arts in the Senior Phase',2),(1458,'MUSI211','Educational Theories and Practical Application for Teaching in the Senior Phase',2),(1459,'MTHS211','Advanced Calculus I',3),(1460,'MTHS212','Linear Algebra I',3),(1461,'MTHS223','Engineering Analysis',3),(1462,'MTHS224','Applied Linear Algebra',3),(1463,'MEGI271','Workshop Practice',3),(1464,'MBWK216','Biomechanics',4),(1465,'MBWK225','Sport and exercise physiology',4),(1466,'MBWK315','Applied exercise physiology',4),(1467,'MBWK316','Biokinetics',4),(1468,'MBWK325','Sport and exercise science practice',4),(1469,'MBXA225','Coaching science practice in athletics 1',4),(1470,'MBXA324','Practical coaching in athletics',4),(1471,'MBXR216','Game notational analyses and preparation',4),(1472,'MBXR225','Coaching science practice in rugby 1',4),(1473,'MBXR324','Practical coaching in rugby',4),(1474,'MBXS211','Coaching science practice in swimming 1',4),(1475,'MBXS225','Coaching science practice in soccer 1',4),(1476,'MBXS324','Practical coaching in soccer',4),(1477,'MIYM311','Midwifery I and practicals',4),(1478,'MIYM322','Midwifery I and practicals',4),(1479,'MIYM411','Midwifery II and practicals',4),(1480,'MIYM422','Midwifery II and practicals',4),(1481,'MKBN121','Microbiology for Nursing Science',4),(1482,'MKBX213','Microbiology for food and nutrition',4),(1483,'MKPN111','Microbiology for pharmacy 1A',4),(1484,'MTHS312','Combinatorics',4),(1485,'MTHS321','Complex analysis',4),(1486,'MTHS322','Algebraic structures',4),(1487,'MTHS311','Real analysis',4),(1488,'MUSB317','Arts Management',5),(1489,'MUSB327','Arts Management',5),(1490,'MUSC217','Music Technology',5),(1491,'MUSO113','Music Education',5),(1492,'MUSO123','Music Education',5),(1493,'MUSO213','Music Education',5),(1494,'MUSO223','Music Education',5),(1495,'MUSO313','Music Education',5),(1496,'MUSO323','Music Education',5),(1497,'MUSR317','Choral Conducting',5),(1498,'MUSR327','Choral Conducting',5),(1499,'MUSS219','Music in Society',5),(1500,'MUSS229','Music in Society',5),(1501,'MUSS329','Music in Society',5),(1502,'MUST119','Music Theory',5),(1503,'MUST129','Music Theory',5),(1504,'MUST219','Music Theory',5),(1505,'MUST229','Music Theory',5),(1506,'MUST319','Music Theory',5),(1507,'MUST329','Music Theory',5),(1508,'MUSU177','Music Performance',5),(1509,'MUSU277','Music Performance',5),(1510,'MUSU377','Music Performance',5),(1511,'MUSU179','Keyboard Skills',5),(1512,'MUSY117','African Music',5),(1513,'MUSY127','African Music',5),(1514,'MUSY217','African Music',5),(1515,'MUSY227','African Music',5),(1516,'MUSY317','African Music',5),(1517,'MUSY327','African Music',5),(1518,'MZSN119','Music Notation',5),(1519,'MZSN129','Music Notation',5),(1520,'MZSO119','Music Education',5),(1521,'MZSO129','Music Education',5),(1522,'MZSO219','Music Education',5),(1523,'MZSO229','Music Education',5),(1524,'MZSO319','Music Education',5),(1525,'MZSO329','Music Education',5),(1526,'MZSS219','Music in Society',5),(1527,'MZSS229','Music in Society',5),(1528,'MZSS319','Music in Society',5),(1529,'MZSS329','Music in Society',5),(1530,'MZST219','Music Theory',5),(1531,'MZST229','Music Theory',5),(1532,'MZST319','Music Theory',5),(1533,'MZST329','Music Theory',5),(1534,'MZSU177','Music Performance',5),(1535,'MZSU179','Keyboard Skills',5),(1536,'MZSU277','Music Performance',5),(1537,'MZSU279','Keyboard Skills',5),(1538,'MZSU377','Music Performance',5),(1539,'MZSU379','Keyboard Skills',5),(1540,'MZSY219','African Music',5),(1541,'MZSY229','African Music',5),(1542,'MZSY319','African Music',5),(1543,'MZSY329','African Music',5),(1544,'MUSA221','African Music',5),(1545,'MUSA311','African Music',5),(1546,'MUSA321','African Music',5),(1547,'MUSA411','African Music',5),(1548,'MUSA421','African Music',5),(1549,'MUSB312','Arts Management',5),(1550,'MUSB322','Arts Management',5),(1551,'MUSC311','Music Technology',5),(1552,'MUSC321','Music Technology',5),(1553,'MUSC411','Music Technology',5),(1554,'MUSC421','Music Technology',5),(1555,'MUSE211','Methodology of main instrument ',5),(1556,'MUSE221','Methodology of main instrument ',5),(1557,'MUSE311','Methodology of main instrument ',5),(1558,'MUSE321','Methodology of main instrument ',5),(1559,'MUSE411','Methodology of main instrument ',5),(1560,'MUSE421','Methodology of main instrument ',5),(1561,'MUSH171','Aural Training',5),(1562,'MUSH271','Aural Training',5),(1563,'MUSH371','Aural Training',5),(1564,'MUSK311','Composition',5),(1565,'MUSK321','Composition',5),(1566,'MUSK411','Composition',5),(1567,'MUSK421','Composition',5),(1568,'MUSM411','Research Methodology',5),(1569,'MUSO111','Music Education',5),(1570,'MUSO211','Music Education',5),(1571,'MUSO221','Music Education',5),(1572,'MUSO311','Music Education',5),(1573,'MUSO321','Music Education',5),(1574,'MUSO411','Music Education',5),(1575,'MUSO421','Music Education',5),(1576,'MUSR319','Choral Conducting',5),(1577,'MUSR329','Choral Conducting',5),(1578,'MUST111','Music Theory',5),(1579,'MUST121','Music Theory',5),(1580,'MUST211','Music Theory',5),(1581,'MUST221','Music Theory',5),(1582,'MUST311','Music Theory',5),(1583,'MUST321','Music Theory',5),(1584,'MUST411','Music Theory',5),(1585,'MUST421','Music Theory',5),(1586,'MUSU174','Music Performance',5),(1587,'MUSU175','Music Performance(B)',5),(1588,'MUSU274','Music Performance',5),(1589,'MUSU275','Music Performance(B)',5),(1590,'MUSU374','Music Performance',5),(1591,'MUSU375','Music Performance(B)',5),(1592,'MUSU376','Music Performance(S)',5),(1593,'MUSU474','Music Performance',5),(1594,'MUSU475','Music Performance(B)',5),(1595,'MUSU476','Music Performance(S)',5),(1596,'MUSV311','Music Therapy',5),(1597,'MUSV321','Music Therapy',5),(1598,'MUSW411','Research essay',5),(1599,'MUSW421','Research essay',5),(1600,'MUSX111','Musicology',5),(1601,'MUSX121','Musicology',5),(1602,'MUSX122','Musicology',5),(1603,'MUSX211','Musicology',5),(1604,'MUSX212','Musicology',5),(1605,'MUSX221','Musicology',5),(1606,'MUSX222','Musicology',5),(1607,'MUSX311','Musicology',5),(1608,'MUSX321','Musicology',5),(1609,'MUSX322','Musicology',5),(1610,'MUSX411','Musicology',5),(1611,'MUSX421','Musicology',5),(1612,'MUMA112','The Municipal Governance Context',5),(1613,'MUMA113','The statutory and regulatory framework for local government',5),(1614,'MUMA114','Municipal Service Excellence',5),(1615,'MUMA115','The Municipal Governance Context',5),(1616,'MUMA116','The statutory and regulatory framework for local government',5),(1617,'MUMA117','Municipal planning',5),(1618,'MUMA122','Municipal Policy-making and planning',5),(1619,'MUMA123','Core municipal imperatives and strategies',5),(1620,'MUMA124','Local democracy',5),(1621,'MUMA125','Good local governance and service ethos',5),(1622,'MUMA126','Local democracy',5),(1623,'MUMA212','Municipal Leadership and Management',5),(1624,'MUMA213','Municipal financial management',5),(1625,'MUMA214','Cooperative Governance',5),(1626,'MUMA222','Developmental Local Government design and organisational development',5),(1627,'MUMA223','Good local governance and service ethos',5),(1628,'MUMA224','Cooperative governance',5),(1629,'MUMA225','Municipal organisational structures and design',5),(1630,'MUMA226','Municipal transformation and innovation ',5),(1631,'MUMA313','Strategic and transformational municipal leadership',5),(1632,'MUMA314','Strategic and transformational municipal leadership',5),(1633,'MUMA315','Performance monitoring and evaluation',5),(1634,'MUMA322','Municipal Performance Management',5),(1635,'MUMA323','Strategic planning and project Management',5),(1636,'MUMA324','Project management',5),(1637,'MUMA325','Municipal administration practice',5),(1638,'MCHE215','Physical Chemistry I',7),(1639,'MCHE115','Introductory Chemistry',7),(1640,'MCBN111','Molecular Biology 1A',7),(1641,'MCBN121','Molecular Biology 1B',7),(1642,'MCHE216','Inorganic Chemistry I',7),(1643,'MCHE221','Organic Chemistry I',7),(1644,'MCHE223','Analytical Chemistry I',7),(1645,'MCHE315','Organic Chemistry II',7),(1646,'MCHE316','Analytical Chemistry II',7),(1647,'MCHE321','Physical Chemistry II',7),(1648,'MCHE322','Inorganic Chemistry II',7),(1649,'MKBN211','Introductory Microbiology',7),(1650,'MKBS221','Introductory Microbial Genetics, Virology and Immunology',7),(1651,'MKBS313','Microbial Physiology',7),(1652,'MKBS314','Recombinant DNA Technology and Industrial Microbiology ',7),(1653,'MKBS325','Diversity and Ecology of Micro-organisms ',7),(1654,'MKBS222','Microbial Diversity and Physiology(Bacteria, Fungi),MKBS',7),(1655,'MKBS223','Introduction to Recombinant DNA Technology and Bioinformatics ',7),(1656,'MKBS316','Microbial Ecology',7),(1657,'MKBS317','Environmental Microbiology and Public Health ',7),(1658,'MKBS326','Industrial Microbiology and Biotechnology',7),(1659,'MKBS327','Virology and Immunology',7),(1660,'MTHS111','Introductory Algebra and Analysis I',7),(1661,'MTHS112','Advanced Mathematical Techniques',7),(1662,'MTHS113','Basic Mathematical Techniques ',7),(1663,'MTHS114','Applied Calculus I ',7),(1664,'MTHS121','Introductory Algebra and Analysis II',7),(1665,'MTHS123','Mathematical Techniques ',7),(1666,'MTHS124','Applied Calculus II',7),(1667,'MTHS119','Foundation Mathematics 1',7),(1668,'MTHS129','Foundation Mathematics 1',7),(1669,'MTHS115','Pre-Calculus for Science I ',7),(1670,'MTHS125','Pre-Calculus for Science II',7),(1671,'MAYM217','Linear Algebra ',7),(1672,'MAYM327','Advanced Calculus ',7),(1673,'MAYM317','Real Analysis ',7),(1674,'MAYM318','Differential Equations ',7),(1675,'MAYM328','Abstract Algebra ',7),(1676,'MTHS171','Introductory Algebra and Calculus I',7),(1677,'MTHS172','Introductory Algebra and Calculus II',7),(1678,'MTHS173','Applied Calculus I',7),(1679,'MTHS174','Applied Calculus II',7),(1680,'MCBN171','Introduction to Molecular and Cell Biology I',7),(1681,'MCBN172','Introduction to Molecular and Cell Biology II',7),(1682,'NSSP111','Natural Sciences: Life and Living',2),(1683,'NSSP112','Natural Sciences: Matter and Materials',2),(1684,'NSSP121','Natural Sciences: Introductory Mechanics in Natural Science',2),(1685,'NSSP211','Natural Sciences: Introduction to Physical Geography',2),(1686,'NSTL111','Natural Sciences and Technology(Intermediate Phase): Processes and Methods',2),(1687,'NSTL211','Natural Sciences and Technology(Intermediate Phase): Matter, Materials and Structures',2),(1688,'NSTL221','Natural Sciences and Technology(Intermediate Phase): Energy, Change, Systems and Control',2),(1689,'NSTL311','Natural Sciences and Technology(Intermediate Phase): Life, Living, Structures and Systems',2),(1690,'NSTL321','Natural Sciences and Technology(Intermediate Phase): Earth and Beyond',2),(1691,'NSTL411','Natural Sciences and Technology(Intermediate Phase): Inquiry Based Learning',2),(1692,'NSTL421','Natural Sciences and Technology(Intermediate Phase): Problem and Project Based Learning',2),(1693,'NCHE111','Introductory Inorganic and Physical Chemistry',3),(1694,'NCHE121','Organic Chemistry',3),(1695,'NPHY211','Electricity and Magnetism',3),(1696,'NUCI421','Nuclear Engineering II',3),(1697,'NUCI479','Project in Nuclear Engineering',3),(1698,'NADM121','Nursing management 1',4),(1699,'NADM211','Nursing management 2 and practicals',4),(1700,'NADM222','Nursing management 2 and practicals',4),(1701,'NADM311','Nursing management 3 and practicals',4),(1702,'NCHM111','Community Nursing Science I',4),(1703,'NCHM122','Community Health Nursing I',4),(1704,'NCHM211','Community Nursing Science II and practicals',4),(1705,'NCHM222','Community Health and practicals',4),(1706,'NCHM311','Community Health Nursing Science III and practicals',4),(1707,'NCHM322','Community Health Nursing Science III and practicals',4),(1708,'NEDM111','Nursing education 1',4),(1709,'NEDM122','Nursing education 1',4),(1710,'NRMM411','Research methodology',4),(1711,'NRPM322','Nursing research project',4),(1712,'NRPM422','Research project',4),(1713,'NUTB111','Introduction to the professions',4),(1714,'NUTB112','Introduction to nutrition',4),(1715,'NUTB121','Nutrients',4),(1716,'NUTB211','Nutrition through the life cycle',4),(1717,'NUTC222','Introduction to community nutrition',4),(1718,'NUTC322','Community nutrition',4),(1719,'NUTC471','Community nutrition practice',4),(1720,'NUTF222','Management and leadership in food and nutrition',4),(1721,'NUTF321','Food service management:Systems and large scale production',4),(1722,'NUTF471','Food service management practice',4),(1723,'NUTP271','Nutrition practice II',4),(1724,'NUTP371','Nutrition practice III',4),(1725,'NUTR321','Nutrition research methodology',4),(1726,'NUTR471','Nutrition research',4),(1727,'NUTT312','Medical nutrition therapy',4),(1728,'NUTT323','Medical nutrition therapy',4),(1729,'NUTT324','Paediatric medical nutrition therapy',4),(1730,'NUTT472','Applied therapeutic nutrition',4),(1731,'NPHY111','Basic Physics I',7),(1732,'NPHY121','Basic Physics II',7),(1733,'NPHY124','Introduction to Basic Physics Concepts',7),(1734,'NPHY123','Introduction to Physics',7),(1735,'NCHE171','Introductory Inorganic and Physical Chemistry',7),(1736,'NCHE172','Introductory Organic Chemistry',7),(1737,'NPHY171','Basic Physics I',7),(1738,'NPHY172','Basic Physics II',7),(1739,'OPLN211','Assessment in Skills Development',1),(1740,'OPLN212','Skills Development Facilitation in ETD',1),(1741,'OPLN221','Research Methodology',1),(1742,'OPLN222','Learner Support and Guidance',1),(1743,'OPLN223','Moderation in Skills Development',1),(1744,'OPLN224','Introduction to Adult Education in ETD practices',1),(1745,'OPLN311','Learner Facilitation',1),(1746,'OPLN312','Human Resource and Occupational Development',1),(1747,'OPLN313','Guidance and Counselling',1),(1748,'OPLN314','Adult learning in ETD practices',1),(1749,'OPLN321','Research Methodology',1),(1750,'OPLN322','Learning Programme Design',1),(1751,'OPLN323','Evaluate an ETD provider',1),(1752,'OPLN324','Establish, implement and maintain a QMS',1),(1753,'PAYM117','Principles and the Practice of Public Administration',1),(1754,'PAYM118','Introduction to Public Administration',1),(1755,'PAYM126','Public Management',1),(1756,'PAYM128','Organization of Government and Administration',1),(1757,'PAYM211','Public Financial Resource Management',1),(1758,'PAYM212','Development Management',1),(1759,'PAYM221','Public Human Resource Management',1),(1760,'PAYM222','Developmental Local Government and Administration',1),(1761,'PAYM311','Organisational and Administrative Theories',1),(1762,'PAYM312','Research Methods in Public Administration',1),(1763,'PAYM321','Governmental Policy Analysis',1),(1764,'PAYM322','Comparative and International Administration',1),(1765,'PADM212','Public Sector Ethics',1),(1766,'PADM222','Supply Chain Management',1),(1767,'PECL121','Language of Conversational Competence: Sepedi',2),(1768,'PEFF111','Sepedi Home Language FP: Foundational Knowledge and Multicultural Children’s Literature',2),(1769,'PEFF121','Sepedi Home Language FP: Phonetics, Phonology, Phonemic Awareness and the History of Children’s Literature',2),(1770,'PEFF211','Sepedi Home Language FP: Morphology, Phonics, Word Study, Alphabetic Principles and Selecting and Evaluating Children’s Literature',2),(1771,'PEFF221','Sepedi Home Language FP: Semantics, Vocabulary and Picture Books',2),(1772,'PEFF311','Sepedi Home Language FP: Syntax, Fluency and Traditional Literature, Poetry, Historical Fiction and Biographies',2),(1773,'PEFF321','Sepedi Home Language FP: Discourse Analysis, Pragmatics, Comprehension and Informational Texts',2),(1774,'PEFF411','Sepedi Home Language FP: Writing, Handwriting and Fantasy, Science Fiction and Contemporary Realistic Fiction',2),(1775,'PEFF421','Sepedi Home Language FP: SchoolBased Language Assessment and Critical Issues in Children’s Literature',2),(1776,'PEFI111','Sepedi Home Language: Introductory Linguistics, Instructional Perspectives and Types of Literatures',2),(1777,'PEFI121','Sepedi Home Language: Phonetics, Phonology, Instructional Methods and Speaking Skills',2),(1778,'PEFI211','Sepedi Home Language: History of Literatures, Morphology, the Study of Children’s Literature, Reading and Visual Skills',2),(1779,'PEFI221','Sepedi Home Language: Morphology, Children’s Literature, Instructional Methods, Reading and Assessment',2),(1780,'PEFI311','Sepedi Home Language: Morphology, Syntax, Traditional Literature and Writing',2),(1781,'PEFI321','Sepedi Home Language: Semantics, Vocabulary, Creative Writing, Childrens Literature and Assessment',2),(1782,'PEFI411','Sepedi Home Language:  Discourse Analysis, Pragmatics, Comprehension, Non-Literary Texts and Assessment',2),(1783,'PEFI421','Sepedi Home Language:  Research  Literature, Linguistics, Instructional Methods and Assessment',2),(1784,'PESP111','Physical Education and Sport Management: Sport and Physical Education History, Sport Ethics, Basic Sport Skills',2),(1785,'PESP121','Physical Education and Sport Management: Basic Sport Management and Educational Gymnastics',2),(1786,'PESP211','Physical Education and Sport Management: Applied Anatomy, Physiology and Exercise Science',2),(1787,'PESP221','Physical Education and Sport Management: Outdoor Recreational Activities, Educational Dance and Games',2),(1788,'PESP311','Physical Education and Sport Management: Motor Learning and Talent Identification',2),(1789,'PESP321','Physical Education and Sport Management: Sport Skills, Sport Games and Assessment',2),(1790,'PESP411','Physical Education and Sport Management: Sport Psychology and Adapted Physical Education',2),(1791,'PESP421','Physical Education and Sport Management: Advanced Sport and Physical Education Management',2),(1792,'PHSE112','Physical Science:  Basic Chemistry Principles and Stoichiometry of Chemical Reactions in the Senior/FET Phase',2),(1793,'PHSE122','Physical Science: Introductory Mechanics in the Senior/FET Phase',2),(1794,'PHSE212','Physical Science: Advanced Mechanics and Introduction to Theory of Electricity in the Senior/FET Phase',2),(1795,'PHSE222','Physical Science:  The Structure of Matter and Organic Chemistry in the Senior/FET Phase',2),(1796,'PHSE312','Physical Science: Control of Chemical Reactions in the Senior/FET Phase',2),(1797,'PHSE322','Physical Science: Electricity and Magnetism, Oscillations and Waves in the Senior/FET Phase',2),(1798,'PHSE412','Physical Science: Physical and Geometric Optics and Theory of Heat in the Senior/FET Phase',2),(1799,'PHSE422','Physical Science: Chemistry and Chemical Industries in the Senior/FET Phase',2),(1800,'PHMM112','Pharmacology',4),(1801,'PNSM311','Psychiatric Nursing Science Iand practicals',4),(1802,'PNSM322','Psychiatric Nursing Science I and practicals',4),(1803,'PNSM411','Psychiatric Nursing Science II and practicals',4),(1804,'PNSM422','Psychiatric Nursing Science II and practicals',4),(1805,'PSYC111','Introduction to Psychology',4),(1806,'PSYC121','Social and community Psychology',4),(1807,'PSYC211','Developmental Psychology',4),(1808,'PSYC212','Personality Psychology',4),(1809,'PSYC221','Positive Psychology',4),(1810,'PSYC311','Psychopathology',4),(1811,'PSYC312','Research and psychometry',4),(1812,'PSYC321','Basic counseling and ethical conduct',4),(1813,'PSYC322','Applied Psychology',4),(1814,'PHIL111','Ethical questions',5),(1815,'PHIL121','Thinking Skills',5),(1816,'PHIL211','Reality and knowledge',5),(1817,'PHIL221','History of Philosophy',5),(1818,'PHIL311','Man, science and society',5),(1819,'PHIL312','Culture and art',5),(1820,'PHIL321','Language, religion, and economics',5),(1821,'PHIL322','Research project',5),(1822,'PUMA112','Foundations of Public Management',5),(1823,'PUMA122','Locus and focus of Public Management',5),(1824,'PUMA212','Municipal Management',5),(1825,'PUMA222','The Government and sustainable development',5),(1826,'PUMA314','Public policy and planning',5),(1827,'PUMA313','Introduction to research methodology',5),(1828,'PUMA322','Strategic public resource(financial), management',5),(1829,'PUMA323','Strategic public resource(HR), management',5),(1830,'PADM111','Introduction to Public Administration',5),(1831,'PADM121','Locus and focus of Public Administration',5),(1832,'PADM211','Public financial management',5),(1833,'PADM221','Public human resource management',5),(1834,'PADM311','Organisational theory',5),(1835,'PADM312','Research methods in Public Administration',5),(1836,'PADM321','Public Policy',5),(1837,'PADM322','Comparative and international Public Administration',5),(1838,'POLI111','Introduction to Political Studies',6),(1839,'POLI112','Introduction to Political Studies ',5),(1840,'POLI113','Introduction to Political Studies',5),(1841,'POLI123','The South African political system ',5),(1842,'POLI124','The South African political system ',5),(1843,'POLI213','Comparative politics',5),(1844,'POLI223','African politics',5),(1845,'POLI313','Political Theory',5),(1846,'POLI314','Theories of international relations ',5),(1847,'POLI323','Political Economy',5),(1848,'POLI324','Issues in South African politics ',5),(1849,'PHIL112','Introduction to Philosophy',6),(1850,'PHIL122','Introduction to African Philosophy and Ethics',6),(1851,'PHYM215','Mechanics and Thermal Physics',7),(1852,'PHYM216','Atomic Physics',7),(1853,'PHYM221','Waves and Quantum Mechanics',7),(1854,'PHYM222','Electricity and Magnetism',7),(1855,'PHYM315','Classical Mechanics',7),(1856,'PHYM316','Solid State Physics',7),(1857,'PHYM317','Quantum Mechanics',7),(1858,'PHYM318','Project and Research',7),(1859,'PHYM321','Electromagnetism',7),(1860,'PHYM322','Nuclear Physics',7),(1861,'PHYM323','Statistical Physics',7),(1862,'PHYM324','Project and Research',7),(1863,'PLKS111','Plant structure and function',7),(1864,'PLKS121','Biodiversity and Environmental Botany',7),(1865,'PLKN213','Plant Genomics',7),(1866,'PLKS221','Flora of South Africa(Plant Systematics and Phytogeography)',7),(1867,'PLKS312','Plant Physiolog',7),(1868,'PLKS313','Terrestrial Plant Ecology: Ecosystems, Populations and Interactions',7),(1869,'PLKN323','Plant Ecology',7),(1870,'PLKN324','Plant Development and Molecular Physiology',7),(1871,'PLKS171','Plant Structure and Function',7),(1872,'PLKS172','Biodiversity and Environmental Botany',7),(1873,'PAST121','Pastoral Counselling',8),(1874,'PAST211','Development of Pastoral Skills',8),(1875,'PAST221','Pastoral Treatment of Marriage and the Family',8),(1876,'PAST311','Pastoral Cases in Counselling',8),(1877,'PAST321','Pastoral Treatment of Stress, Trauma and Inner Healing',8),(1878,'PAST322','The Person of the Pastoral Counsellor: Spirituality, Mentorship and Supervision',8),(1879,'RKKX114','Introduction to Recreation Science',1),(1880,'RKKX126','Introduction to Outdoor Recreation',1),(1881,'RKKX214','Recreation Leadership',1),(1882,'RKKX224','Applied Recreation practice',1),(1883,'RKKX314','Professional Issues in Recreation',1),(1884,'RKKX315','Leisure time facilitating',1),(1885,'RKKX324','Leisure time Programming',1),(1886,'RKKX325','Recreation Management',1),(1887,'READ121','Strategic Reading in the Content Areas',2),(1888,'RESF412','Research in Education: Introduction',2),(1889,'RESF422','Research Proposal: Planning and Designing a Research Proposal in the Education Context',2),(1890,'REII111','Introduction to Digital Systems',3),(1891,'REII121','Introduction to Microcontrollers',3),(1892,'REII211','Algorithms and Optimisation',3),(1893,'REII222','Embedded Systems',3),(1894,'REII312','Network Fundamentals',3),(1895,'REII313','Object-oriented Software Development',3),(1896,'REII323','Embedded Operating Systems',3),(1897,'REII327','Computer Engineering Design',3),(1898,'REII414','Databases and Web-programming',3),(1899,'REII424','Data Analysis',3),(1900,'RKKX115','Introduction to leisure behaviour',4),(1901,'RKKX124','Group dynamics in recreation',4),(1902,'RKKX215','Leisure behaviour',4),(1903,'RKKX216','Inclusive recreation',4),(1904,'RKKX225','Recreation programming',4),(1905,'RKKX226','Facilities management',4),(1906,'RKKX317','Recreation management and administration',4),(1907,'RKKX316','Leisure education',4),(1908,'RKKX328','Recreation service delivery',4),(1909,'STFM125','Introduction to Mathematical Statistics',1),(1910,'STFM211','Distribution Theory with Simulation',1),(1911,'STFM212','Statistical Inferences with NonParametric',1),(1912,'STFM221','Experimental Design and Survey Sampling',1),(1913,'STFM222','Categorical Data Analysis',1),(1914,'STFM223','Statistical Computing',1),(1915,'STFM311','Regression Analysis and Multivariate Techniques',1),(1916,'STFM312','Time Series Analysis',1),(1917,'STFM321','Time Series Analysis',1),(1918,'STFM322','Forecasting Methods',1),(1919,'STOM211','Introduction to Operations Research',1),(1920,'STOM222','Network Analysis',1),(1921,'STOM311','Dynamic Programming and Game Theory',1),(1922,'STOM312','Inventory Control and Production Planning and Scheduling',1),(1923,'STOM321','Decision Theory and Reliability Theory',1),(1924,'STOM322','Stochastic Processes',1),(1925,'STTK215','Probability and sample theory',1),(1926,'SRAG321','Strategy, Risk and Governance',1),(1927,'STTF111','Foundation Statistics I',1),(1928,'STTF121','Foundation Statistics II',1),(1929,'STTF112','Foundation Statistics 1',1),(1930,'STTF122','Foundation Statistics II',1),(1931,'STFM121','Inferential Statistics and Operations Research',1),(1932,'STFM122','Introduction to Financial Mathematics',1),(1933,'STTK122','Introduction to Business Statistics',1),(1934,'SBUS111','Introduction to the Sport Industry',1),(1935,'SBUS121','Sport Industry Governance',1),(1936,'SBUS211','Sport Development',1),(1937,'SBUS221','Advanced Sport Development',1),(1938,'SBUS222','Managing High Performance Sport',1),(1939,'SBUS311','Advanced Sport Business Management',1),(1940,'SBUS321','Strategic Sport Business Management',1),(1941,'STFM111','Introduction to Statistics',1),(1942,'STFM112','Basic Statistics',1),(1943,'STFM113','Mathematical Techniques',1),(1944,'SFSM111','Success Strategies and Production Skills',1),(1945,'SFSM121','Receptive Skills',1),(1946,'SEAF211','Setswana First Additional Language in FP Teaching: Language Acquisition and Development and Selecting and Evaluating Childrens Literature',2),(1947,'SEAF221','Setswana First Additional Language in FP Teaching: Foundational Knowledge and Multicultural Childrens Literature',2),(1948,'SEAF311','Setswana First Additional Language in FP Teaching: Language, Culture and Picture Books',2),(1949,'SEAF321','Setswana First Additional Language in FP Teaching: Language as a System and Traditional Literature, Poetry, Historical Fiction, and Biographies',2),(1950,'SEAF411','Setswana First Additional Language in FP Teaching: Planning, Implementing and Managing Instruction as well as Fantasy, Science Fiction and Contemporary Realistic Fiction',2),(1951,'SEAF421','Setswana First Additional Language in FP Teaching: Assessment and Critical Issues in Childrens Literature',2),(1952,'SECL121','Language of Conversational Competence: Setswana',2),(1953,'SEFF111','Setswana Home Language FP: Foundational Knowledge and Multicultural Childrens Literature',2),(1954,'SEFF121','Setswana Home Language FP: Phonetics, Phonology, Phonemic Awareness and the History of Childrens Literature',2),(1955,'SEFF211','Setswana Home Language FP: Morphology, Phonics, Word Study, Alphabetic Principles and Selecting and Evaluating Childrens Literature',2),(1956,'SEFF221','Setswana Home Language FP: Semantics, Vocabulary and Picture Books',2),(1957,'SEFF311','Setswana Home Language FP: Syntax, Fluency and Traditional Literature, Poetry, Historical Fiction and Biographies',2),(1958,'SEFF321','Setswana Home Language FP: Discourse Analysis, Pragmatics, Comprehension and Informational Texts',2),(1959,'SEFF411','Setswana Home Language FP: Writing, Handwriting and Fantasy, Science Fiction and Contemporary Realistic Fiction',2),(1960,'SEFF421','Setswana Home Language FP: School-Based Language Assessment and Critical Issues in Childrens Literature',2),(1961,'SEFI111','Setswana Home Language: Introductory Linguistics, Instructional Perspectives and Types of Literatures',2),(1962,'SOFV221','Sesotho Home Language: Introduction to Traditional and Modern Poetry',2),(1963,'SOFV311','Sesotho Foundation Language: Semantics and Vocabulary Development',2),(1964,'SOFV321','Sesotho Home Language: Creative and Critical Reading',2),(1965,'SOFV411','Sesotho Home Language: Complex Discourse Analysis',2),(1966,'SOFV421','Sesotho Home Language: Language Assessment and Critical Issues in Senior Phase Literature',2),(1967,'SOIP211','Sesotho: FAL in the Intermediate Phase(I)',2),(1968,'SOIP221','Sesotho: FAL in the Intermediate Phase(II)',2),(1969,'SOIP311','Sesotho: FAL in the Intermediate Phase(III)',2),(1970,'SOIP321','Sesotho: FAL in the Intermediate Phase(IV)',2),(1971,'SOIP411','Sesotho: FAL in the Intermediate Phase(V)',2),(1972,'SOIP421','Sesotho: FAL in the Intermediate Phase(VI)',2),(1973,'SOLC121','Language of Conversational Competence: Sesotho',2),(1974,'SSCE121','Social Sciences for the Intermediate Phase: Ancient African History and Geography of RSA',2),(1975,'SSCE211','Social Sciences for the Intermediate Phase: Planetary Geography and Climatology',2),(1976,'SSCE221','Social Sciences for the Intermediate Phase: The Effects of Changes – Europe and Africa(1400-1900)',2),(1977,'SSCE311','Social Sciences for the Intermediate Phase: Urban Geography',2),(1978,'SSCE321','Social Sciences for the Intermediate Phase: Transport, Communication and Health System',2),(1979,'SSCE411','Social Sciences for the Intermediate Phase: Introduction to Geomorphology',2),(1980,'SSCE421','Social Sciences for the Intermediate Phase: Modern South African Democracy(1990-Present)',2),(1981,'SSSE112','Introduction to Social Sciences for Education',2),(1982,'SEFI121','Setswana Home Language: Phonetics, Phonology, Instructional Methods and Speaking Skills',2),(1983,'SEFI211','Setswana Home Language: History of Literatures, Morphology, the Study of Children’s Literature, Reading and Visual Skills',2),(1984,'SEFI221','Setswana Home Language: Morphology, Children’s Literature, Instructional Methods, Reading and Assessment',2),(1985,'SEFI311','Setswana Home Language: Morphology, Syntax, Traditional Literature and Writing',2),(1986,'SEFI321','Setswana Home Language: Semantics, Vocabulary, Creative Writing, Children’s Literature and Assessment',2),(1987,'SEFI411','Setswana Home Language: Discourse Analysis, Pragmatics, Comprehension, Non-Literary Texts and Assessment',2),(1988,'SEFI421','Setswana Home Language: Research – Literature, Linguistics, Instructional Methods and Assessment',2),(1989,'SEFV111','Setswana Home Language: Phonetics, Phonology and Listening Skills and Youth Narratives and Methodologies',2),(1990,'SEFV121','Setswana Home Language: Morphology, History of Setswana Orthography, Speaking Skills and Traditional Narratives and Methodologies',2),(1991,'SEFV211','Setswana Home Language: Syntax, Fluency, Poetry, Listening and Speaking Skills Integration and Methodologies',2),(1992,'SEFV221','Setswana Home Language: Multiculturalism, Multilingualism, Ubuntu in Educational Contexts, Dictionaries and Methodologies',2),(1993,'SEFV311','Setswana Home Language: Semantics, Drama, Discourse Analysis, Pragmatics, Reading Skills and Methodologies',2),(1994,'SEFV321','Setswana Home Language: Comprehension, Reading, Creative Writing, Drama and Methodologies',2),(1995,'SEFV411','Setswana Home Language: Biographies, Types of Informational Texts in Education and Methodologies',2),(1996,'SEFV421','Setswana Home Language: Research, Literary Text Production and Methodologies',2),(1997,'SNSE121','Introduction to Natural Science and Technology: Intermediate Phase',2),(1998,'SOFF111','Sesotho Home Language FP: Foundational Knowledge and Multicultural Children’s Literature',2),(1999,'SOFF121','Sesotho Home Language FP: Phonetics, Phonology, Phonemic Awareness and the History of Children’s Literature',2),(2000,'SOFF211','Sesotho Home Language FP: Morphology, Phonics, Word Study, Alphabetic Principles and Selecting and Evaluating Children’s Literature',2),(2001,'SOFF221','Sesotho Home Language FP: Semantics, Vocabulary and Picture Books',2),(2002,'SOFF311','Sesotho Home Language FP: Syntax, Fluency and Traditional Literature, Poetry, Historical Fiction and Biographies',2),(2003,'SOFF321','Sesotho Home Language FP: Discourse Analysis, Pragmatics, Comprehension and Informational Texts',2),(2004,'SOFF411','Sesotho Home Language FP: Writing, Handwriting and Fantasy, Science Fiction and Contemporary Realistic Fiction',2),(2005,'SOFF421','Sesotho Home Language FP: School-Based Language Assessment and Critical Issues in Children’s Literature',2),(2006,'SOFI111','Sesotho for the Intermediate Phase: Advanced Sesotho Phonetics, Phonology, Phonemic Awareness and Spelling',2),(2007,'SOFI121','Sesotho Home Language for the Intermediate Phase: Introduction to the Study of the History of Children’s Literature – Picture Books',2),(2008,'SOFI211','Sesotho Home Language for the Intermediate Phase: Development of Sesotho Syntax – Analysing Sesotho Morphology, Phonics, Word Construction and Alphabetic Principle',2),(2009,'SOFI221','Sesotho Home Language for the Intermediate Phase: Introduction to Traditional and Modern Poetry – Poetic Styles and Meaning',2),(2010,'SOFI311','Sesotho Home Language for the Intermediate Phase: Development of Vocabulary and Meaning - Dictionary Skills, Morphology and Analysis and Creation of Sentence Context',2),(2011,'SOFI321','Sesotho Home Language for the Intermediate Phase: Creative and Critical Reading – Novels and Short Stories',2),(2012,'SOFI411','Sesotho Home Language for the Intermediate Phase: Advanced Discourse Analysis – Paragraphing, Paraphrasing, Summarizing and Editing a Text',2),(2013,'SOFI421','Sesotho Home Language for the Intermediate Phase: Language Assessment and Critical Issues in Children’s Literature',2),(2014,'SOFV111','Sesotho Home Language: Introduction to Complex Sesotho Phonetics, Phonology, Phonemic Awareness and Spelling',2),(2015,'SOFV121','Sesotho Home Language:Introduction to the Origin of Sesotho Literature',2),(2016,'SOFV211','Sesotho Home Language: Development and Evaluation of Sesotho Syntax Fluency',2),(2017,'SOCY311','Social theory and social  research methodology',4),(2018,'SOCY312','Social research and methodology',4),(2019,'SOCY322','Social policy',4),(2020,'SOCY321','Clinical and applied sociology: Social change and dynamics',4),(2021,'SOCL325','Group dynamics',4),(2022,'SOCL326','Sociology of crime and deviance',4),(2023,'SKRK111','Introduction to Creative Writing',5),(2024,'SKRK121','Creative Writing: Writing prose',5),(2025,'SKRK211','Creative Writing: Writing poetry',5),(2026,'SKRK221','Creative Writing: Writing childrens and youth literature',5),(2027,'SKRK311','Creative Writing: Writing drama',5),(2028,'SKRK321','Creative Writing applied',5),(2029,'SETM111','History of the Setswana orthography; communication skills',5),(2030,'SETM121','Introduction to the grammar of Setswana, morphology and traditional literature  ',5),(2031,'SETM211','Setswana: phonetics and modern literature ',5),(2032,'SETM221','Setswana: phonology and prose ',5),(2033,'SETM311','Setswana: syntax and poetry ',5),(2034,'SETM321','Setswana: morphology and drama',5),(2035,'SASL111','South African Sign Language and Cultural Studies for the Deaf I',5),(2036,'SASL121','South African Sign Language and Cultural Studies for the Deaf II',5),(2037,'SASL211','Intermediate South African Sign Language and Deaf culture 1',5),(2038,'SASL221','Intermediate South African Sign Language and Deaf culture 2',5),(2039,'SASL311','South African Sign Lanuage linguistics and advanced signing',5),(2040,'SASL321','Sociolinguistics, SASL lexicography, poetry and discourse analysis',5),(2041,'SANL112','Introduction to key concepts of Social Anthropology',5),(2042,'SANL122','Introduction to themes in Social Anthropological research',5),(2043,'SANL213','Medical Anthropology',5),(2044,'SANL223','The Anthropology of film and media ',5),(2045,'SANL225','Urban Athropology ',5),(2046,'SANL313','Theory and representation in Anthropology',5),(2047,'SANL314','Research and writing in Anthropology',5),(2048,'SANL323','Globalisation and the power dynamics of exchange and belonging',5),(2049,'SOCY221','Sociology of the family and group dynamics',5),(2050,'SOCL222','Medical Sociology',5),(2051,'SOCL224','Sociology of work',5),(2052,'SOCL311','Social theory',5),(2053,'SOCL312','Social research methodology',5),(2054,'SOCL324','Clinical Sociology',5),(2055,'SOCL327','Political Sociology',5),(2056,'SOCL328','Gender and Sexuality',5),(2057,'SOCY111','Introudction to Sociology: Concepts, Themes and Methods',5),(2058,'SOCY121','Introduction to Sociology: Social Institutions',5),(2059,'SOCY211','Sociology of Development, Environment and Social Problems',5),(2060,'SETM322','Botlhamamareo , Phetolelo le Tshekatsheko ya Terama',5),(2061,'SOCL111','Introduction to Sociology: Basic Concepts and Themes',6),(2062,'SOCL121','Introduction to Sociology: Institutions and the Southern Africa context',6),(2063,'SSLL122','Sesotho: Linguistic functions in relation to grammatical, literary and business spheres',6),(2064,'SSCO111','Basic language proficiency: Sesotho',6),(2065,'SSCO121','Advanced language proficiency: Sesotho Prerequisite',6),(2066,'SFBM171','Introduction To Cell Biology',7),(2067,'SFBM172','Introduction To Biological Concepts',7),(2068,'SBSS111','Planning and settlement history',7),(2069,'SBSS121','Introduction to Planning ',7),(2070,'SBES212','Layout planning ',7),(2071,'SBRS221','Regional plans',7),(2072,'SBSS223','Urban design ',7),(2073,'SBRS313','Regional development theory',7),(2074,'SBSS313','Planning for sustainable cities ',7),(2075,'SBES313','Infrastructure planning ',7),(2076,'SBSS321','Transport planning and systems ',7),(2077,'SECO321','Urban ecology for Planners ',7),(2078,'SBSS323','Planning theory ',7),(2079,'SRSK323','Urban risk management',7),(2080,'SGSS414','Research methodology for Geo- and Spatial Sciences ',7),(2081,'SBRS411','Regional analysis and application',7),(2082,'SBSS412','Integrated housing development',7),(2083,'SBSS414','Land use planning and development policy',7),(2084,'SBSS424','Strategic- and participatory planning ',7),(2085,'SSBP421','Planning practice',7),(2086,'SBSS472','Research project',7),(2087,'STTN111','Descriptive Statistics',7),(2088,'STTN115','Descriptive Statistics and Inference ',7),(2089,'STTN121','Introductory Statistical Inference I ',7),(2090,'STTN122','Introductory Statistics ',7),(2091,'STTN124','Practical Statistics',7),(2092,'STTN125','Introductory probability theory ',7),(2093,'STTN215','Probability and Sampling Theory v',7),(2094,'STTN225','Statistical Inference and Data Analysis ',7),(2095,'STTN315','Statistical Inference and Time Series Analysis ',7),(2096,'STTK214','Statistics for Life Sciences',7),(2097,'STTN316','Linear models I',7),(2098,'STTN317','Statistical Software and Applications I ',7),(2099,'STTK321','Linear Models',7),(2100,'STTK322','Statistics project',7),(2101,'STTN326','Analysis of Dependent Data',7),(2102,'STTN327','Statistical Software and Applications II',7),(2103,'SFEM171','Electricity, Magnetism and Circuits',7),(2104,'SFEM172','Introduction to Electronics ',7),(2105,'STTF115','Descriptive Statistics ',7),(2106,'STTF125','Introductory Statistical Inference',7),(2107,'STTF215','Practical Statistics ',7),(2108,'STTF225','Introduction to Probability',7),(2109,'SEMT112','Biblical Hebrew Grammar I and Geographical Context',8),(2110,'SEMT122','Biblical-Hebrew Grammar II',8),(2111,'SEMT211','Biblical Hebrew Grammar III',8),(2112,'SEMT221','Biblical Hebrew Grammar IV and Conceptual Language System',8),(2113,'SEMT313','Biblical Hebrew Language structure and Textual studies',8),(2114,'SEMT323','Biblical Hebrew and Aramaic comparative studies',8),(2115,'SSLL112','Intro to Linguistics, phonology and business language',8),(2116,'SSLL212','Advanced study of Linguistics',8),(2117,'SSLL222','Factors contributing to language development',8),(2118,'TECM111','Introduction to Transport Economics',1),(2119,'TECM121','Road Freight Transport',1),(2120,'TECM211','Rail Transport Studies',1),(2121,'TECM212','Public Passenger Transport Studies',1),(2122,'TECM221','Aviation Studies',1),(2123,'TECM222','Maritime Transport Studies',1),(2124,'TECM313','Transportation Planning',1),(2125,'TECM323','Transportation Policy Formulation and Analysis',1),(2126,'TMBP111','Introduction to Tourism Management',1),(2127,'TMBP122','Lodging Management',1),(2128,'TMBP211','Applied Tourism Management',1),(2129,'TMBP221','Tourism Marketing',1),(2130,'TMBP222','Food and Beverage Management',1),(2131,'TMBP311','Sustainable Ecotourism Management',1),(2132,'TMBP312','Introduction to Event Management',1),(2133,'TMBP322','Applied Event Management',1),(2134,'TAXC271','Introduction to Income Tax of , VAT and estate administration',1),(2135,'TAXC371','Taxation: complex aspects of direct and indirect taxation and tax administration.',1),(2136,'TAXF211','Introduction to taxation and corporate taxation.',1),(2137,'TAXF221','Introduction to personal income tax, donations tax and estate duty.',1),(2138,'TAXF371','Taxation: Advanced aspects of direct and indirect taxation and tax administration.',1),(2139,'TGWN121','Statics and Mathematical Modelling',3),(2140,'TGWN211','Dynamics I',3),(2141,'TGWN213','Differential Equations',3),(2142,'TGWN221','Dynamics II',3),(2143,'TGWN223','Numerical Analysis',7),(2144,'TGWN311','Partial Differential Equations',7),(2145,'TGWN312','Partial Differential Equations(Numerical)',7),(2146,'TGWN322','Optimisation',7),(2147,'TMBP321','Game Farm Management ',7),(2148,'TPTS321','Theory and Praxis of Translation',8),(2149,'TPTS322','Theory and Praxis of Translation',8),(2150,'VTEE223','Mechanical Technology for Teachers (ii)',2),(2151,'VTEE313','Mechanical Technology for Teachers (iii)',2),(2152,'VTEE323','Mechanical Technology for Teachers (iv)',2),(2153,'VTEE413','Mechanical Technology for Teachers (v), ',2),(2154,'VTEE423','Mechanical Technology for Teachers (vi)',2),(2155,'VGHB122','Design study',4),(2156,'VGHB221','Consumer purchasing practices and resource management',4),(2157,'VGHB311','Interior design and housing',4),(2158,'VKLE114','Fashion history',4),(2159,'VKLE214','Introduction to the fashion industry',4),(2160,'VKLE312','Textile studies',4),(2161,'VKLE321','Fashion industry and psychosocial clothing behaviour',4),(2162,'VPBB421','Health service management skills',4),(2163,'VPBP471','Health service management practice',4),(2164,'VPEK311','Introductory and Clinical Psychiatric Nursing Science',4),(2165,'VPEP471','Psychiatric Nursing Science Practice',4),(2166,'VPER421','Psychiatric Nursing Science Practice',4),(2167,'VPEV321','Psychiatric Skills and Methods',4),(2168,'VPFB121','Basic Needs and Professional skills',4),(2169,'VPFI111','Introduction to Fundamental  Nursing Science',4),(2170,'VPFP171','Fundamental Nursing Science Practice',4),(2171,'VPGI111','Introduction to Community Nursing Science',4),(2172,'VPGO221','Extensive Primary Health care',4),(2173,'VPGP171','Community Nursing Science Practice',4),(2174,'VPGP271','Community Nursing Science Practice',4),(2175,'VPGP372','Community and Psychiatric Nursing Science Practice',4),(2176,'VPGR122','Community Nursing Science processes',4),(2177,'VPGR211','Introduction to Primary Health care',4),(2178,'VPGS311','Rural and Urban Community Health',4),(2179,'VPGW211','Health Promotion for Nursing Science',4),(2180,'VPLS371','Lifestyle Enrichment',4),(2181,'VPLS471','Psychiatric and Nursing Science Skills and methods',4),(2182,'VPNN323','Introduction to Nursing Research',4),(2183,'VPNN411','Methodology of Nursing Research',4),(2184,'VPNP471','Nursing Research project',4),(2185,'VPVA412','Complicated Midwifery',4),(2186,'VPVB321','Normal childbirth and complicated pregnancy',4),(2187,'VPVI222','Introductory Midwifery and normal pregnancy',4),(2188,'VPVN311','Normal neonate, puerpurium and parenthood',4),(2189,'VPVP372','Midwifery Practice I',4),(2190,'VPVP472','Midwifery Practice II',4),(2191,'VPWB211','Impaired Health Status and Minor disorders',4),(2192,'VPWG221','Minor disorders',4),(2193,'VPWP271','Minor disorders in practice',4),(2194,'VPXP371','Specialization Nursing Science Practice',4),(2195,'VPXS311','Specialization Nursing Science I',4),(2196,'VPXS321','Specialization Nursing Science II',4),(2197,'VVBG211','Introduction to consumer behaviour',4),(2198,'VVBG311','Consumer decision-making',4),(2199,'VVBG321','The South African Consumer',4),(2200,'VVDB313','Food Service Management: Systems and large scale production',4),(2201,'VVDB324','Food Service Management: Management aspects',4),(2202,'VVDL112','Food',4),(2203,'VVDL123','Botanical food groups and – systems',4),(2204,'VVDL213','Animal food groups and systems',4),(2205,'VVDL324','New food product development processes',4),(2206,'WVOS221','Understanding the educational world',1),(2207,'WVOS311','Main currents in the philosophy of education',1),(2208,'WISN112','Mathematical Techniques',1),(2209,'WISN123','Mathematical Techniques',1),(2210,'WVES311','Applied Ethics',1),(2211,'WVET211','World views and ethics for accountants',1),(2212,'WISS112','Foundation Mathematics I',1),(2213,'WISS122','Foundation Mathematics II',1),(2214,'WISK115','Mathematical Techniques',1),(2215,'WISK123','Introduction to Business Statistics',1),(2216,'WSKT122','Mathematics for FET Technology Teachers: Introductory Algebra',2),(2217,'WSKT213','Mathematics for FET Technology Teachers: Functions, Models, Trigonometry and Elementary Descriptive Statistics',2),(2218,'WVOS222','Philosophy of Science: Understanding the Educational World',2),(2219,'WVOS312','Philosophy of Science: Main Currents in the Philosophy Of Education',2),(2220,'WISN111','Introductory Algebra and Analysis I',3),(2221,'WISN121','Introductory Algebra and Analysis II',3),(2222,'WISN211','Analysis III',3),(2223,'WISN225','Engineering Analysis',3),(2224,'WVIS321','Science, Technology and Society',3),(2225,'WVTS211','Understand the Technological World',3),(2226,'WISN224','Analysis IV',4),(2227,'WVGW221','Know and understand the world of health',4),(2228,'WVPS311','Professional ethics for the pharmacist',4),(2229,'WVPS321','Professional ethics for the pharmacist',4),(2230,'WVSS221','Understanding the social and political world',5),(2231,'WVCS221','Understanding the cultural world ',5),(2232,'WVLS311','Aesthetics',5),(2233,'WVLS312','Philosophy of language and literature ',5),(2234,'WVLS313','Philosophy of culture: Critical perspectives on mega-trends in contemporary culture',5),(2235,'WVLS314','The human being and society: Critical perspectives on continuity and change',5),(2236,'WISN212','Linear Algebra I',7),(2237,'WISN223','Discrete Mathematics',7),(2238,'WISN226','Linear Algebra I',7),(2239,'WISN227','Applied Linear Algebra ',7),(2240,'WISN312','Combinatorics',7),(2241,'WISN313','Complex Analysis ',7),(2242,'WISN322','Algebraic Structures ',7),(2243,'WISN323','Real Analysis',7),(2244,'WVES221','Understanding the economic world ',7),(2245,'WVNS211','Understand the Natural World ',7),(2246,'WVNS221','Science and Society ',7),(2247,'WVAS221','Understanding the World of Agriculture',7),(2248,'WVCS315','Man and Society',7),(2249,'WISS111','Introduction to Mathematics I',7),(2250,'WISS113','Introduction to Mathematical Techniques I',7),(2251,'WISS121','Introduction to Mathematics II',7),(2252,'WISS123','Introduction to Mathematical Techniques II ',7),(2253,'WVRG311','Understanding the world of religion',8),(2254,'ZUCL121','Language of Conversational Competence: IsiZulu',2),(2255,'ZUFF111','IsiZulu Home Language FP: Foundational Knowledge and Multicultural Children’s Literature',2),(2256,'ZUFF121','IsiZulu Home Language FP: Phonetics, Phonology, Phonemic Awareness and the History of Children’s Literature',2),(2257,'ZUFF211','IsiZulu Home Language FP: Morphology, Phonics, Word Study, Alphabetic Principles and Selecting and Evaluating Children’s Literature',2),(2258,'ZUFF221','IsiZulu Home Language FP: Semantics, Vocabulary and Picture Books',2),(2259,'ZUFF311','IsiZulu Home Language FP: Syntax, Fluency and Traditional Literature, Poetry, Historical Fiction and Biographies',2),(2260,'ZUFF321','IsiZulu Home Language FP: Discourse Analysis, Pragmatics, Comprehension and Informational Texts',2),(2261,'ZUFF411','IsiZulu Home Language FP: Writing, Handwriting and Fantasy, Science Fiction and Contemporary Realistic Fiction',2),(2262,'ZUFF421','IsiZulu Home Language FP: SchoolBased Language Assessment and Critical Issues in Children’s Literature',2),(2263,'ZUFI111','IsiZulu Home Language: Introductory Linguistics, Instructional Perspectives and Types of Literatures',2),(2264,'ZUFI121','IsiZulu Home Language: Phonetics, Phonology, Instructional Methods and Speaking Skills',2),(2265,'ZUFI211','IsiZulu Home Language: History of Literatures, Morphology, the Study of Children’s Literature, Reading and Visual Skills',2),(2266,'ZUFI221','IsiZulu Home Language: Morphology, Children’s Literature, Instructional Methods, Reading and Assessment',2),(2267,'ZUFI311','IsiZulu Home Language: Morphology, Syntax, Traditional Literature and Writing ',2),(2268,'ZUFI321','IsiZulu Home Language: Semantics, Vocabulary, Creative Writing, Children’s Literature and Assessment',2),(2269,'ZUFI411','IsiZulu Home Language:  Discourse Analysis, Pragmatics, Comprehension, Non-Literary Texts and Assessment',2),(2270,'ZUFI421','IsiZulu Home Language:  Research – Literature, Linguistics, Instructional Methods and Assessment ',2);
/*!40000 ALTER TABLE `subject` ENABLE KEYS */;
UNLOCK TABLES;

--
-- Temporary view structure for view `subject_detail`
--

DROP TABLE IF EXISTS `subject_detail`;
/*!50001 DROP VIEW IF EXISTS `subject_detail`*/;
SET @saved_cs_client     = @@character_set_client;
SET character_set_client = utf8mb4;
/*!50001 CREATE VIEW `subject_detail` AS SELECT 
 1 AS `BOOK_Book_Number`,
 1 AS `Subject_Code`*/;
SET character_set_client = @saved_cs_client;

--
-- Final view structure for view `author_detail`
--

/*!50001 DROP VIEW IF EXISTS `author_detail`*/;
/*!50001 SET @saved_cs_client          = @@character_set_client */;
/*!50001 SET @saved_cs_results         = @@character_set_results */;
/*!50001 SET @saved_col_connection     = @@collation_connection */;
/*!50001 SET character_set_client      = utf8mb4 */;
/*!50001 SET character_set_results     = utf8mb4 */;
/*!50001 SET collation_connection      = utf8mb4_0900_ai_ci */;
/*!50001 CREATE ALGORITHM=UNDEFINED */
/*!50013 DEFINER=`root`@`localhost` SQL SECURITY DEFINER */
/*!50001 VIEW `author_detail` AS select `book_author`.`BOOK_Book_Number` AS `BOOK_Book_Number`,`author`.`Author_Name` AS `Author_Name` from (`book_author` join `author`) where (`book_author`.`AUTHOR_Author_Number` = `author`.`Author_Number`) */;
/*!50001 SET character_set_client      = @saved_cs_client */;
/*!50001 SET character_set_results     = @saved_cs_results */;
/*!50001 SET collation_connection      = @saved_col_connection */;

--
-- Final view structure for view `book_detail`
--

/*!50001 DROP VIEW IF EXISTS `book_detail`*/;
/*!50001 SET @saved_cs_client          = @@character_set_client */;
/*!50001 SET @saved_cs_results         = @@character_set_results */;
/*!50001 SET @saved_col_connection     = @@collation_connection */;
/*!50001 SET character_set_client      = utf8mb4 */;
/*!50001 SET character_set_results     = utf8mb4 */;
/*!50001 SET collation_connection      = utf8mb4_0900_ai_ci */;
/*!50001 CREATE ALGORITHM=UNDEFINED */
/*!50013 DEFINER=`root`@`localhost` SQL SECURITY DEFINER */
/*!50001 VIEW `book_detail` AS select `book`.`Book_Number` AS `Book_Number`,`book`.`Book_Name` AS `Book_Name`,`book`.`Book_Edition` AS `Book_Edition`,`author_detail`.`Author_Name` AS `Author_Name`,`subject_detail`.`Subject_Code` AS `Subject_Code`,`book`.`Book_Price` AS `Book_Price`,`book`.`Book_ISBN_10_Number` AS `Book_ISBN_10_Number`,`book`.`Book_ISBN_13_Number` AS `Book_ISBN_13_Number`,`book`.`Book_Type` AS `Book_Type`,`book`.`Date_Placed` AS `Date_Placed`,`student`.`Student_Number` AS `Student_Number`,`student`.`First_Name` AS `First_Name`,`student`.`Contact_Number` AS `Contact_Number`,`student`.`Email_Address` AS `Email_Address` from (((`book` join `student`) join `author_detail`) join `subject_detail`) where ((`book`.`STUDENT_Student_Number` = `student`.`Student_Number`) and (`book`.`Book_Number` = `author_detail`.`BOOK_Book_Number`) and (`book`.`Book_Number` = `subject_detail`.`BOOK_Book_Number`)) */;
/*!50001 SET character_set_client      = @saved_cs_client */;
/*!50001 SET character_set_results     = @saved_cs_results */;
/*!50001 SET collation_connection      = @saved_col_connection */;

--
-- Final view structure for view `faculty_detail`
--

/*!50001 DROP VIEW IF EXISTS `faculty_detail`*/;
/*!50001 SET @saved_cs_client          = @@character_set_client */;
/*!50001 SET @saved_cs_results         = @@character_set_results */;
/*!50001 SET @saved_col_connection     = @@collation_connection */;
/*!50001 SET character_set_client      = utf8mb4 */;
/*!50001 SET character_set_results     = utf8mb4 */;
/*!50001 SET collation_connection      = utf8mb4_0900_ai_ci */;
/*!50001 CREATE ALGORITHM=UNDEFINED */
/*!50013 DEFINER=`root`@`localhost` SQL SECURITY DEFINER */
/*!50001 VIEW `faculty_detail` AS select `faculty`.`Faculty_Number` AS `Faculty Number`,`subject`.`Subject_Code` AS `Subject Code` from (`faculty` join `subject`) where (`subject`.`FACULTY_Faculty_Number` = `faculty`.`Faculty_Number`) */;
/*!50001 SET character_set_client      = @saved_cs_client */;
/*!50001 SET character_set_results     = @saved_cs_results */;
/*!50001 SET collation_connection      = @saved_col_connection */;

--
-- Final view structure for view `hostel_student_detail`
--

/*!50001 DROP VIEW IF EXISTS `hostel_student_detail`*/;
/*!50001 SET @saved_cs_client          = @@character_set_client */;
/*!50001 SET @saved_cs_results         = @@character_set_results */;
/*!50001 SET @saved_col_connection     = @@collation_connection */;
/*!50001 SET character_set_client      = utf8mb4 */;
/*!50001 SET character_set_results     = utf8mb4 */;
/*!50001 SET collation_connection      = utf8mb4_0900_ai_ci */;
/*!50001 CREATE ALGORITHM=UNDEFINED */
/*!50013 DEFINER=`root`@`localhost` SQL SECURITY DEFINER */
/*!50001 VIEW `hostel_student_detail` AS select `hostel`.`Hostel_Name` AS `Hostel`,`student`.`Student_Number` AS `Student Number`,substr(`student`.`First_Name`,1,1) AS `Initial`,`student`.`Last_Name` AS `Last Name` from (`hostel` join `student`) where (`student`.`HOSTEL_Hostel_Number` = `hostel`.`Hostel_Number`) */;
/*!50001 SET character_set_client      = @saved_cs_client */;
/*!50001 SET character_set_results     = @saved_cs_results */;
/*!50001 SET collation_connection      = @saved_col_connection */;

--
-- Final view structure for view `provice_student_detail`
--

/*!50001 DROP VIEW IF EXISTS `provice_student_detail`*/;
/*!50001 SET @saved_cs_client          = @@character_set_client */;
/*!50001 SET @saved_cs_results         = @@character_set_results */;
/*!50001 SET @saved_col_connection     = @@collation_connection */;
/*!50001 SET character_set_client      = utf8mb4 */;
/*!50001 SET character_set_results     = utf8mb4 */;
/*!50001 SET collation_connection      = utf8mb4_0900_ai_ci */;
/*!50001 CREATE ALGORITHM=UNDEFINED */
/*!50013 DEFINER=`root`@`localhost` SQL SECURITY DEFINER */
/*!50001 VIEW `provice_student_detail` AS select `province`.`Province_Name` AS `Province`,`student`.`Student_Number` AS `Student Number`,substr(`student`.`First_Name`,1,1) AS `Initial`,`student`.`Last_Name` AS `Last Name` from (`province` join `student`) where (`student`.`PROVINCE_Province_Number` = `province`.`Province_Number`) */;
/*!50001 SET character_set_client      = @saved_cs_client */;
/*!50001 SET character_set_results     = @saved_cs_results */;
/*!50001 SET collation_connection      = @saved_col_connection */;

--
-- Final view structure for view `student_detail`
--

/*!50001 DROP VIEW IF EXISTS `student_detail`*/;
/*!50001 SET @saved_cs_client          = @@character_set_client */;
/*!50001 SET @saved_cs_results         = @@character_set_results */;
/*!50001 SET @saved_col_connection     = @@collation_connection */;
/*!50001 SET character_set_client      = utf8mb4 */;
/*!50001 SET character_set_results     = utf8mb4 */;
/*!50001 SET collation_connection      = utf8mb4_0900_ai_ci */;
/*!50001 CREATE ALGORITHM=UNDEFINED */
/*!50013 DEFINER=`root`@`localhost` SQL SECURITY DEFINER */
/*!50001 VIEW `student_detail` AS select `student`.`Student_Number` AS `Student_Number`,`student`.`First_Name` AS `First_Name`,`student`.`Last_Name` AS `Last_Name`,`student`.`Contact_Number` AS `Contact_Number`,`student`.`Email_Address` AS `Email_Address`,`province`.`Province_Name` AS `Province_Name`,`hostel`.`Hostel_Name` AS `Hostel_Name`,`student`.`Student` AS `Student`,`student`.`Admin` AS `Admin` from ((`student` join `province`) join `hostel`) where ((`student`.`PROVINCE_Province_Number` = `province`.`Province_Number`) and (`student`.`HOSTEL_Hostel_Number` = `hostel`.`Hostel_Number`)) */;
/*!50001 SET character_set_client      = @saved_cs_client */;
/*!50001 SET character_set_results     = @saved_cs_results */;
/*!50001 SET collation_connection      = @saved_col_connection */;

--
-- Final view structure for view `student_offence_detail`
--

/*!50001 DROP VIEW IF EXISTS `student_offence_detail`*/;
/*!50001 SET @saved_cs_client          = @@character_set_client */;
/*!50001 SET @saved_cs_results         = @@character_set_results */;
/*!50001 SET @saved_col_connection     = @@collation_connection */;
/*!50001 SET character_set_client      = utf8mb4 */;
/*!50001 SET character_set_results     = utf8mb4 */;
/*!50001 SET collation_connection      = utf8mb4_0900_ai_ci */;
/*!50001 CREATE ALGORITHM=UNDEFINED */
/*!50013 DEFINER=`root`@`localhost` SQL SECURITY DEFINER */
/*!50001 VIEW `student_offence_detail` AS select `student`.`Student_Number` AS `Student Offence`,`student`.`Email_Address` AS `Student Email Address`,`student_offence`.`Date_Of_Offence` AS `Offence Date`,`student_offence`.`Type_Of_Offence` AS `Offence Type`,`student_offence`.`Reason` AS `Reason` from (`student` join `student_offence`) where (`student`.`Student_Number` = `student_offence`.`STUDENT_Student_Number`) */;
/*!50001 SET character_set_client      = @saved_cs_client */;
/*!50001 SET character_set_results     = @saved_cs_results */;
/*!50001 SET collation_connection      = @saved_col_connection */;

--
-- Final view structure for view `subject_detail`
--

/*!50001 DROP VIEW IF EXISTS `subject_detail`*/;
/*!50001 SET @saved_cs_client          = @@character_set_client */;
/*!50001 SET @saved_cs_results         = @@character_set_results */;
/*!50001 SET @saved_col_connection     = @@collation_connection */;
/*!50001 SET character_set_client      = utf8mb4 */;
/*!50001 SET character_set_results     = utf8mb4 */;
/*!50001 SET collation_connection      = utf8mb4_0900_ai_ci */;
/*!50001 CREATE ALGORITHM=UNDEFINED */
/*!50013 DEFINER=`root`@`localhost` SQL SECURITY DEFINER */
/*!50001 VIEW `subject_detail` AS select `book_subject`.`BOOK_Book_Number` AS `BOOK_Book_Number`,`subject`.`Subject_Code` AS `Subject_Code` from (`book_subject` join `subject`) where (`book_subject`.`SUBJECT_Subject_Number` = `subject`.`Subject_Number`) */;
/*!50001 SET character_set_client      = @saved_cs_client */;
/*!50001 SET character_set_results     = @saved_cs_results */;
/*!50001 SET collation_connection      = @saved_col_connection */;
/*!40103 SET TIME_ZONE=@OLD_TIME_ZONE */;

/*!40101 SET SQL_MODE=@OLD_SQL_MODE */;
/*!40014 SET FOREIGN_KEY_CHECKS=@OLD_FOREIGN_KEY_CHECKS */;
/*!40014 SET UNIQUE_CHECKS=@OLD_UNIQUE_CHECKS */;
/*!40101 SET CHARACTER_SET_CLIENT=@OLD_CHARACTER_SET_CLIENT */;
/*!40101 SET CHARACTER_SET_RESULTS=@OLD_CHARACTER_SET_RESULTS */;
/*!40101 SET COLLATION_CONNECTION=@OLD_COLLATION_CONNECTION */;
/*!40111 SET SQL_NOTES=@OLD_SQL_NOTES */;

-- Dump completed on 2018-10-26 21:40:03
